[
  {
    "id": 3000001,
    "name": "火柱",
    "stacking": 1,
    "tabid": 3,
    "sortID": 3000001,
    "icon": "card_3000001",
    "top_resource": "kapai",
    "center_resource": "card_skill_3000001",
    "skill_id": 100001,
    "cost": 5
  },
  {
    "id": 3000002,
    "name": "治疗",
    "stacking": 1,
    "tabid": 3,
    "sortID": 3000002,
    "icon": "card_3000002",
    "top_resource": "kapai",
    "center_resource": "card_skill_3000002",
    "skill_id": 100002,
    "cost": 2
  },
  {
    "id": 3000003,
    "name": "百裂斩",
    "stacking": 1,
    "tabid": 3,
    "sortID": 3000003,
    "icon": "card_3000003",
    "top_resource": "kapai",
    "center_resource": "card_skill_3000003",
    "skill_id": 100004,
    "cost": 2
  },
  {
    "id": 3000004,
    "name": "灵魂痛击",
    "stacking": 1,
    "tabid": 3,
    "sortID": 3000004,
    "icon": "card_3000004",
    "top_resource": "kapai",
    "center_resource": "card_skill_3000004",
    "skill_id": 100005,
    "cost": 2
  },
  {
    "id": 3000005,
    "name": "痛击",
    "stacking": 1,
    "tabid": 3,
    "sortID": 3000005,
    "icon": "card_3000005",
    "top_resource": "kapai",
    "center_resource": "card_skill_3000005",
    "skill_id": 100006,
    "cost": 1
  },
  {
    "id": 3000006,
    "name": "压制",
    "stacking": 1,
    "tabid": 3,
    "sortID": 3000006,
    "icon": "card_3000006",
    "top_resource": "kapai",
    "center_resource": "card_skill_3000006",
    "skill_id": 100007,
    "cost": 3
  },
  {
    "id": 3000007,
    "name": "祭品",
    "stacking": 1,
    "tabid": 3,
    "sortID": 3000007,
    "icon": "card_3000007",
    "top_resource": "kapai",
    "center_resource": "card_skill_3000007",
    "skill_id": 300001,
    "cost": 1
  },
  {
    "id": 3000008,
    "name": "准备",
    "stacking": 1,
    "tabid": 3,
    "sortID": 3000008,
    "icon": "card_3000008",
    "top_resource": "kapai",
    "center_resource": "card_skill_3000008",
    "skill_id": 100009,
    "cost": 3
  },
  {
    "id": 3000009,
    "name": "无目标治疗",
    "stacking": 1,
    "tabid": 3,
    "sortID": 3000009,
    "icon": "card_3000009",
    "top_resource": "kapai",
    "center_resource": "card_skill_3000009",
    "skill_id": 100008,
    "cost": 1
  },
  {
    "id": 3000010,
    "name": "连环斩",
    "stacking": 1,
    "tabid": 3,
    "sortID": 3000010,
    "icon": "card_3000001",
    "top_resource": "kapai",
    "center_resource": "card_skill_3000010",
    "skill_id": 100003,
    "cost": 2
  },
  {
    "id": 3000011,
    "name": "恐吓",
    "stacking": 1,
    "tabid": 3,
    "sortID": 3000011,
    "icon": "card_3000001",
    "top_resource": "kapai",
    "center_resource": "card_skill_3000011",
    "skill_id": 100010,
    "cost": 1
  },
  {
    "id": 3000012,
    "name": "汲魂",
    "stacking": 1,
    "tabid": 3,
    "sortID": 3000012,
    "icon": "card_3000001",
    "top_resource": "kapai",
    "center_resource": "card_skill_3000012",
    "skill_id": 100011,
    "cost": 3
  },
  {
    "id": 3000013,
    "name": "撕裂",
    "stacking": 1,
    "tabid": 3,
    "sortID": 3000013,
    "icon": "card_3000001",
    "top_resource": "kapai",
    "center_resource": "card_skill_3000013",
    "skill_id": 100012,
    "cost": 2
  },
  {
    "id": 3000014,
    "name": "手雷",
    "stacking": 1,
    "tabid": 3,
    "sortID": 3000014,
    "icon": "card_3000001",
    "top_resource": "kapai",
    "center_resource": "card_skill_3000014",
    "skill_id": 100013,
    "cost": 3
  },
  {
    "id": 3000015,
    "name": "渴血",
    "stacking": 1,
    "tabid": 3,
    "sortID": 3000015,
    "icon": "card_3000001",
    "top_resource": "kapai",
    "center_resource": "card_skill_3000015",
    "skill_id": 200003,
    "cost": 3
  }
]