[
  {
    "id": 1,
    "tid": 2000001,
    "materials": "{1000001,1000002,1000003}",
    "materials_number": "{1,2,3}",
    "cost_crystal": 1000,
    "classType": 1,
    "isShow": 1,
    "compensate": 1000
  },
  {
    "id": 2,
    "tid": 2000002,
    "materials": "{1000001,1000002,1000003}",
    "materials_number": "{1,2,3}",
    "cost_crystal": 1000,
    "classType": 1,
    "isShow": 1,
    "compensate": 1000
  },
  {
    "id": 3,
    "tid": 2000003,
    "materials": "{1000001,1000002,1000003}",
    "materials_number": "{1,2,3}",
    "cost_crystal": 1000,
    "classType": 1,
    "isShow": 1,
    "compensate": 1000
  },
  {
    "id": 4,
    "tid": 2000004,
    "materials": "{1000001,1000002,1000003}",
    "materials_number": "{1,2,3}",
    "cost_crystal": 1000,
    "classType": 1,
    "isShow": 2,
    "compensate": 1000
  },
  {
    "id": 5,
    "tid": 2000005,
    "materials": "{1000001,1000002,1000003}",
    "materials_number": "{1,2,3}",
    "cost_crystal": 1000,
    "classType": 1,
    "isShow": 2,
    "compensate": 2000
  },
  {
    "id": 6,
    "tid": 2000006,
    "materials": "{1000001,1000002,1000003}",
    "materials_number": "{1,2,3}",
    "cost_crystal": 1000,
    "classType": 1,
    "isShow": 2,
    "compensate": 3000
  },
  {
    "id": 7,
    "tid": 2999999,
    "materials": "{1000001,1000002,1000003}",
    "materials_number": "{1,2,3}",
    "cost_crystal": 1000,
    "classType": 1,
    "isShow": 2,
    "compensate": 4000
  },
  {
    "id": 1001,
    "tid": 3000001,
    "materials": "{1000001,1000002,1000003}",
    "materials_number": "{1,2,3}",
    "cost_crystal": 1000,
    "classType": 2,
    "isShow": 1,
    "compensate": 1000
  },
  {
    "id": 1002,
    "tid": 3000002,
    "materials": "{1000001,1000002,1000003}",
    "materials_number": "{1,2,3}",
    "cost_crystal": 1000,
    "classType": 2,
    "isShow": 1,
    "compensate": 1000
  },
  {
    "id": 1003,
    "tid": 3000003,
    "materials": "{1000001,1000002,1000003}",
    "materials_number": "{1,2,3}",
    "cost_crystal": 1000,
    "classType": 2,
    "isShow": 1,
    "compensate": 1000
  },
  {
    "id": 1004,
    "tid": 3000004,
    "materials": "{1000001,1000002,1000003}",
    "materials_number": "{1,2,3}",
    "cost_crystal": 1000,
    "classType": 2,
    "isShow": 1,
    "compensate": 1000
  },
  {
    "id": 1005,
    "tid": 3000005,
    "materials": "{1000001,1000002,1000003}",
    "materials_number": "{1,2,3}",
    "cost_crystal": 1000,
    "classType": 2,
    "isShow": 1,
    "compensate": 1000
  },
  {
    "id": 1006,
    "tid": 3000006,
    "materials": "{1000001,1000002,1000003}",
    "materials_number": "{1,2,3}",
    "cost_crystal": 1000,
    "classType": 2,
    "isShow": 1,
    "compensate": 1000
  },
  {
    "id": 1007,
    "tid": 3000007,
    "materials": "{1000001,1000002,1000003}",
    "materials_number": "{1,2,3}",
    "cost_crystal": 1000,
    "classType": 2,
    "isShow": 1,
    "compensate": 1000
  },
  {
    "id": 1008,
    "tid": 3000008,
    "materials": "{1000001,1000002,1000003}",
    "materials_number": "{1,2,3}",
    "cost_crystal": 1000,
    "classType": 2,
    "isShow": 1,
    "compensate": 1000
  },
  {
    "id": 1009,
    "tid": 3000009,
    "materials": "{1000001,1000002,1000003}",
    "materials_number": "{1,2,3}",
    "cost_crystal": 1000,
    "classType": 2,
    "isShow": 1,
    "compensate": 1000
  },
  {
    "id": 1010,
    "tid": 3000010,
    "materials": "{1000001,1000002,1000003}",
    "materials_number": "{1,2,3}",
    "cost_crystal": 1000,
    "classType": 2,
    "isShow": 1,
    "compensate": 1000
  },
  {
    "id": 1011,
    "tid": 3000011,
    "materials": "{1000001,1000002,1000003}",
    "materials_number": "{1,2,3}",
    "cost_crystal": 1000,
    "classType": 2,
    "isShow": 1,
    "compensate": 1000
  },
  {
    "id": 1012,
    "tid": 3000012,
    "materials": "{1000001,1000002,1000003}",
    "materials_number": "{1,2,3}",
    "cost_crystal": 1000,
    "classType": 2,
    "isShow": 1,
    "compensate": 1000
  },
  {
    "id": 1013,
    "tid": 3000013,
    "materials": "{1000001,1000002,1000003}",
    "materials_number": "{1,2,3}",
    "cost_crystal": 1000,
    "classType": 2,
    "isShow": 1,
    "compensate": 1000
  },
  {
    "id": 1014,
    "tid": 3000014,
    "materials": "{1000001,1000002,1000003}",
    "materials_number": "{1,2,3}",
    "cost_crystal": 1000,
    "classType": 2,
    "isShow": 1,
    "compensate": 1000
  },
  {
    "id": 1015,
    "tid": 3000015,
    "materials": "{1000001,1000002,1000003}",
    "materials_number": "{1,2,3}",
    "cost_crystal": 1000,
    "classType": 2,
    "isShow": 1,
    "compensate": 1000
  }
]