[
  {
    "id": 10000001,
    "groupId": 1000001,
    "upGroupID": 0,
    "min": 0,
    "max": 0
  },
  {
    "id": 10000002,
    "groupId": 1000002,
    "upGroupID": 0,
    "min": 0,
    "max": 0
  },
  {
    "id": 10000003,
    "groupId": 1000003,
    "upGroupID": 0,
    "min": 0,
    "max": 0
  },
  {
    "id": 10000004,
    "groupId": 1000004,
    "upGroupID": 0,
    "min": 0,
    "max": 0
  },
  {
    "id": 10000005,
    "groupId": 1000005,
    "upGroupID": 0,
    "min": 0,
    "max": 0
  },
  {
    "id": 10000006,
    "groupId": 1000006,
    "upGroupID": 0,
    "min": 0,
    "max": 0
  },
  {
    "id": 10000007,
    "groupId": 1000007,
    "upGroupID": 0,
    "min": 0,
    "max": 0
  },
  {
    "id": 10000008,
    "groupId": 1000008,
    "upGroupID": 0,
    "min": 0,
    "max": 0
  },
  {
    "id": 10000009,
    "groupId": 1000009,
    "upGroupID": 0,
    "min": 0,
    "max": 0
  },
  {
    "id": 10000010,
    "groupId": 1000010,
    "upGroupID": 0,
    "min": 0,
    "max": 0
  },
  {
    "id": 10000011,
    "groupId": 1000011,
    "upGroupID": 0,
    "min": 0,
    "max": 0
  },
  {
    "id": 10000012,
    "groupId": 1000012,
    "upGroupID": 0,
    "min": 0,
    "max": 0
  },
  {
    "id": 10000013,
    "groupId": 1000013,
    "upGroupID": 0,
    "min": 0,
    "max": 0
  },
  {
    "id": 10000014,
    "groupId": 1000014,
    "upGroupID": 0,
    "min": 0,
    "max": 0
  },
  {
    "id": 10000015,
    "groupId": 1000015,
    "upGroupID": 0,
    "min": 0,
    "max": 0
  },
  {
    "id": 20000001,
    "groupId": 2000001,
    "upGroupID": 9999999,
    "min": 5,
    "max": 10
  },
  {
    "id": 20000002,
    "groupId": 2000002,
    "upGroupID": 9999999,
    "min": 5,
    "max": 10
  },
  {
    "id": 20000003,
    "groupId": 2000003,
    "upGroupID": 9999999,
    "min": 5,
    "max": 10
  },
  {
    "id": 20000004,
    "groupId": 2000004,
    "upGroupID": 9999999,
    "min": 5,
    "max": 10
  },
  {
    "id": 20000005,
    "groupId": 2000005,
    "upGroupID": 9999999,
    "min": 5,
    "max": 10
  },
  {
    "id": 20000006,
    "groupId": 2000006,
    "upGroupID": 9999999,
    "min": 5,
    "max": 10
  }
]