[
  {
    "role_lv": 1,
    "role_hp": 300,
    "role_attack": 20,
    "role_defense": 2,
    "attack_speed": 1,
    "attack_range": 1.45,
    "lvup_crystal": 100,
    "resource": 10001,
    "hit": 1000,
    "dod": 0,
    "cri": 1000,
    "cri_dam": 0,
    "speed_up": 1000,
    "real_dam": 0,
    "range_type": 1
  },
  {
    "role_lv": 2,
    "role_hp": 400,
    "role_attack": 25,
    "role_defense": 3,
    "attack_speed": 1,
    "attack_range": 1.45,
    "lvup_crystal": 200,
    "resource": 10001,
    "hit": 1000,
    "dod": 0,
    "cri": 1000,
    "cri_dam": 0,
    "speed_up": 1000,
    "real_dam": 0,
    "range_type": 1
  },
  {
    "role_lv": 3,
    "role_hp": 500,
    "role_attack": 30,
    "role_defense": 4,
    "attack_speed": 1,
    "attack_range": 1.45,
    "lvup_crystal": 300,
    "resource": 10001,
    "hit": 1000,
    "dod": 0,
    "cri": 1000,
    "cri_dam": 0,
    "speed_up": 1000,
    "real_dam": 0,
    "range_type": 1
  },
  {
    "role_lv": 4,
    "role_hp": 600,
    "role_attack": 35,
    "role_defense": 5,
    "attack_speed": 1,
    "attack_range": 1.45,
    "lvup_crystal": 400,
    "resource": 10001,
    "hit": 1000,
    "dod": 0,
    "cri": 1000,
    "cri_dam": 0,
    "speed_up": 1000,
    "real_dam": 0,
    "range_type": 1
  },
  {
    "role_lv": 5,
    "role_hp": 700,
    "role_attack": 40,
    "role_defense": 6,
    "attack_speed": 1,
    "attack_range": 1.45,
    "lvup_crystal": 500,
    "resource": 10001,
    "hit": 1000,
    "dod": 0,
    "cri": 1000,
    "cri_dam": 0,
    "speed_up": 1000,
    "real_dam": 0,
    "range_type": 1
  },
  {
    "role_lv": 6,
    "role_hp": 800,
    "role_attack": 45,
    "role_defense": 7,
    "attack_speed": 1,
    "attack_range": 1.45,
    "lvup_crystal": 600,
    "resource": 10001,
    "hit": 1000,
    "dod": 0,
    "cri": 1000,
    "cri_dam": 0,
    "speed_up": 1000,
    "real_dam": 0,
    "range_type": 1
  },
  {
    "role_lv": 7,
    "role_hp": 900,
    "role_attack": 50,
    "role_defense": 8,
    "attack_speed": 1,
    "attack_range": 1.45,
    "lvup_crystal": 700,
    "resource": 10001,
    "hit": 1000,
    "dod": 0,
    "cri": 1000,
    "cri_dam": 0,
    "speed_up": 1000,
    "real_dam": 0,
    "range_type": 1
  },
  {
    "role_lv": 8,
    "role_hp": 1000,
    "role_attack": 55,
    "role_defense": 9,
    "attack_speed": 1,
    "attack_range": 1.45,
    "lvup_crystal": 800,
    "resource": 10001,
    "hit": 1000,
    "dod": 0,
    "cri": 1000,
    "cri_dam": 0,
    "speed_up": 1000,
    "real_dam": 0,
    "range_type": 1
  },
  {
    "role_lv": 9,
    "role_hp": 1100,
    "role_attack": 60,
    "role_defense": 10,
    "attack_speed": 1,
    "attack_range": 1.45,
    "lvup_crystal": 900,
    "resource": 10001,
    "hit": 1000,
    "dod": 0,
    "cri": 1000,
    "cri_dam": 0,
    "speed_up": 1000,
    "real_dam": 0,
    "range_type": 1
  },
  {
    "role_lv": 10,
    "role_hp": 1200,
    "role_attack": 65,
    "role_defense": 11,
    "attack_speed": 1,
    "attack_range": 1.45,
    "lvup_crystal": 1000,
    "resource": 10001,
    "hit": 1000,
    "dod": 0,
    "cri": 1000,
    "cri_dam": 0,
    "speed_up": 1000,
    "real_dam": 0,
    "range_type": 1
  },
  {
    "role_lv": 11,
    "role_hp": 1300,
    "role_attack": 70,
    "role_defense": 12,
    "attack_speed": 1,
    "attack_range": 1.45,
    "lvup_crystal": 1100,
    "resource": 10001,
    "hit": 1000,
    "dod": 0,
    "cri": 1000,
    "cri_dam": 0,
    "speed_up": 1000,
    "real_dam": 0,
    "range_type": 1
  },
  {
    "role_lv": 12,
    "role_hp": 1400,
    "role_attack": 75,
    "role_defense": 13,
    "attack_speed": 1,
    "attack_range": 1.45,
    "lvup_crystal": 1200,
    "resource": 10001,
    "hit": 1000,
    "dod": 0,
    "cri": 1000,
    "cri_dam": 0,
    "speed_up": 1000,
    "real_dam": 0,
    "range_type": 1
  },
  {
    "role_lv": 13,
    "role_hp": 1500,
    "role_attack": 80,
    "role_defense": 14,
    "attack_speed": 1,
    "attack_range": 1.45,
    "lvup_crystal": 1300,
    "resource": 10001,
    "hit": 1000,
    "dod": 0,
    "cri": 1000,
    "cri_dam": 0,
    "speed_up": 1000,
    "real_dam": 0,
    "range_type": 1
  },
  {
    "role_lv": 14,
    "role_hp": 1600,
    "role_attack": 85,
    "role_defense": 15,
    "attack_speed": 1,
    "attack_range": 1.45,
    "lvup_crystal": 1400,
    "resource": 10001,
    "hit": 1000,
    "dod": 0,
    "cri": 1000,
    "cri_dam": 0,
    "speed_up": 1000,
    "real_dam": 0,
    "range_type": 1
  },
  {
    "role_lv": 15,
    "role_hp": 1700,
    "role_attack": 90,
    "role_defense": 16,
    "attack_speed": 1,
    "attack_range": 1.45,
    "lvup_crystal": 1500,
    "resource": 10001,
    "hit": 1000,
    "dod": 0,
    "cri": 1000,
    "cri_dam": 0,
    "speed_up": 1000,
    "real_dam": 0,
    "range_type": 1
  },
  {
    "role_lv": 16,
    "role_hp": 1800,
    "role_attack": 95,
    "role_defense": 17,
    "attack_speed": 1,
    "attack_range": 1.45,
    "lvup_crystal": 1600,
    "resource": 10001,
    "hit": 1000,
    "dod": 0,
    "cri": 1000,
    "cri_dam": 0,
    "speed_up": 1000,
    "real_dam": 0,
    "range_type": 1
  },
  {
    "role_lv": 17,
    "role_hp": 1900,
    "role_attack": 100,
    "role_defense": 18,
    "attack_speed": 1,
    "attack_range": 1.45,
    "lvup_crystal": 1700,
    "resource": 10001,
    "hit": 1000,
    "dod": 0,
    "cri": 1000,
    "cri_dam": 0,
    "speed_up": 1000,
    "real_dam": 0,
    "range_type": 1
  },
  {
    "role_lv": 18,
    "role_hp": 2000,
    "role_attack": 105,
    "role_defense": 19,
    "attack_speed": 1,
    "attack_range": 1.45,
    "lvup_crystal": 1800,
    "resource": 10001,
    "hit": 1000,
    "dod": 0,
    "cri": 1000,
    "cri_dam": 0,
    "speed_up": 1000,
    "real_dam": 0,
    "range_type": 1
  },
  {
    "role_lv": 19,
    "role_hp": 2100,
    "role_attack": 110,
    "role_defense": 20,
    "attack_speed": 1,
    "attack_range": 1.45,
    "lvup_crystal": 1900,
    "resource": 10001,
    "hit": 1000,
    "dod": 0,
    "cri": 1000,
    "cri_dam": 0,
    "speed_up": 1000,
    "real_dam": 0,
    "range_type": 1
  },
  {
    "role_lv": 20,
    "role_hp": 2200,
    "role_attack": 115,
    "role_defense": 21,
    "attack_speed": 1,
    "attack_range": 1.45,
    "lvup_crystal": 2000,
    "resource": 10001,
    "hit": 1000,
    "dod": 0,
    "cri": 1000,
    "cri_dam": 0,
    "speed_up": 1000,
    "real_dam": 0,
    "range_type": 1
  },
  {
    "role_lv": 21,
    "role_hp": 2300,
    "role_attack": 120,
    "role_defense": 22,
    "attack_speed": 1,
    "attack_range": 1.45,
    "lvup_crystal": 2100,
    "resource": 10001,
    "hit": 1000,
    "dod": 0,
    "cri": 1000,
    "cri_dam": 0,
    "speed_up": 1000,
    "real_dam": 0,
    "range_type": 1
  },
  {
    "role_lv": 22,
    "role_hp": 2400,
    "role_attack": 125,
    "role_defense": 23,
    "attack_speed": 1,
    "attack_range": 1.45,
    "lvup_crystal": 2200,
    "resource": 10001,
    "hit": 1000,
    "dod": 0,
    "cri": 1000,
    "cri_dam": 0,
    "speed_up": 1000,
    "real_dam": 0,
    "range_type": 1
  },
  {
    "role_lv": 23,
    "role_hp": 2500,
    "role_attack": 130,
    "role_defense": 24,
    "attack_speed": 1,
    "attack_range": 1.45,
    "lvup_crystal": 2300,
    "resource": 10001,
    "hit": 1000,
    "dod": 0,
    "cri": 1000,
    "cri_dam": 0,
    "speed_up": 1000,
    "real_dam": 0,
    "range_type": 1
  },
  {
    "role_lv": 24,
    "role_hp": 2600,
    "role_attack": 135,
    "role_defense": 25,
    "attack_speed": 1,
    "attack_range": 1.45,
    "lvup_crystal": 2400,
    "resource": 10001,
    "hit": 1000,
    "dod": 0,
    "cri": 1000,
    "cri_dam": 0,
    "speed_up": 1000,
    "real_dam": 0,
    "range_type": 1
  },
  {
    "role_lv": 25,
    "role_hp": 2700,
    "role_attack": 140,
    "role_defense": 26,
    "attack_speed": 1,
    "attack_range": 1.45,
    "lvup_crystal": 2500,
    "resource": 10001,
    "hit": 1000,
    "dod": 0,
    "cri": 1000,
    "cri_dam": 0,
    "speed_up": 1000,
    "real_dam": 0,
    "range_type": 1
  },
  {
    "role_lv": 26,
    "role_hp": 2800,
    "role_attack": 145,
    "role_defense": 27,
    "attack_speed": 1,
    "attack_range": 1.45,
    "lvup_crystal": 2600,
    "resource": 10001,
    "hit": 1000,
    "dod": 0,
    "cri": 1000,
    "cri_dam": 0,
    "speed_up": 1000,
    "real_dam": 0,
    "range_type": 1
  },
  {
    "role_lv": 27,
    "role_hp": 2900,
    "role_attack": 150,
    "role_defense": 28,
    "attack_speed": 1,
    "attack_range": 1.45,
    "lvup_crystal": 2700,
    "resource": 10001,
    "hit": 1000,
    "dod": 0,
    "cri": 1000,
    "cri_dam": 0,
    "speed_up": 1000,
    "real_dam": 0,
    "range_type": 1
  },
  {
    "role_lv": 28,
    "role_hp": 3000,
    "role_attack": 155,
    "role_defense": 29,
    "attack_speed": 1,
    "attack_range": 1.45,
    "lvup_crystal": 2800,
    "resource": 10001,
    "hit": 1000,
    "dod": 0,
    "cri": 1000,
    "cri_dam": 0,
    "speed_up": 1000,
    "real_dam": 0,
    "range_type": 1
  },
  {
    "role_lv": 29,
    "role_hp": 3100,
    "role_attack": 160,
    "role_defense": 30,
    "attack_speed": 1,
    "attack_range": 1.45,
    "lvup_crystal": 2900,
    "resource": 10001,
    "hit": 1000,
    "dod": 0,
    "cri": 1000,
    "cri_dam": 0,
    "speed_up": 1000,
    "real_dam": 0,
    "range_type": 1
  },
  {
    "role_lv": 30,
    "role_hp": 3200,
    "role_attack": 165,
    "role_defense": 31,
    "attack_speed": 1,
    "attack_range": 1.45,
    "lvup_crystal": 3000,
    "resource": 10001,
    "hit": 1000,
    "dod": 0,
    "cri": 1000,
    "cri_dam": 0,
    "speed_up": 1000,
    "real_dam": 0,
    "range_type": 1
  },
  {
    "role_lv": 31,
    "role_hp": 3300,
    "role_attack": 170,
    "role_defense": 32,
    "attack_speed": 1,
    "attack_range": 1.45,
    "lvup_crystal": 3100,
    "resource": 10001,
    "hit": 1000,
    "dod": 0,
    "cri": 1000,
    "cri_dam": 0,
    "speed_up": 1000,
    "real_dam": 0,
    "range_type": 1
  },
  {
    "role_lv": 32,
    "role_hp": 3400,
    "role_attack": 175,
    "role_defense": 33,
    "attack_speed": 1,
    "attack_range": 1.45,
    "lvup_crystal": 3200,
    "resource": 10001,
    "hit": 1000,
    "dod": 0,
    "cri": 1000,
    "cri_dam": 0,
    "speed_up": 1000,
    "real_dam": 0,
    "range_type": 1
  },
  {
    "role_lv": 33,
    "role_hp": 3500,
    "role_attack": 180,
    "role_defense": 34,
    "attack_speed": 1,
    "attack_range": 1.45,
    "lvup_crystal": 3300,
    "resource": 10001,
    "hit": 1000,
    "dod": 0,
    "cri": 1000,
    "cri_dam": 0,
    "speed_up": 1000,
    "real_dam": 0,
    "range_type": 1
  },
  {
    "role_lv": 34,
    "role_hp": 3600,
    "role_attack": 185,
    "role_defense": 35,
    "attack_speed": 1,
    "attack_range": 1.45,
    "lvup_crystal": 3400,
    "resource": 10001,
    "hit": 1000,
    "dod": 0,
    "cri": 1000,
    "cri_dam": 0,
    "speed_up": 1000,
    "real_dam": 0,
    "range_type": 1
  },
  {
    "role_lv": 35,
    "role_hp": 3700,
    "role_attack": 190,
    "role_defense": 36,
    "attack_speed": 1,
    "attack_range": 1.45,
    "lvup_crystal": 3500,
    "resource": 10001,
    "hit": 1000,
    "dod": 0,
    "cri": 1000,
    "cri_dam": 0,
    "speed_up": 1000,
    "real_dam": 0,
    "range_type": 1
  },
  {
    "role_lv": 36,
    "role_hp": 3800,
    "role_attack": 195,
    "role_defense": 37,
    "attack_speed": 1,
    "attack_range": 1.45,
    "lvup_crystal": 3600,
    "resource": 10001,
    "hit": 1000,
    "dod": 0,
    "cri": 1000,
    "cri_dam": 0,
    "speed_up": 1000,
    "real_dam": 0,
    "range_type": 1
  },
  {
    "role_lv": 37,
    "role_hp": 3900,
    "role_attack": 200,
    "role_defense": 38,
    "attack_speed": 1,
    "attack_range": 1.45,
    "lvup_crystal": 3700,
    "resource": 10001,
    "hit": 1000,
    "dod": 0,
    "cri": 1000,
    "cri_dam": 0,
    "speed_up": 1000,
    "real_dam": 0,
    "range_type": 1
  },
  {
    "role_lv": 38,
    "role_hp": 4000,
    "role_attack": 205,
    "role_defense": 39,
    "attack_speed": 1,
    "attack_range": 1.45,
    "lvup_crystal": 3800,
    "resource": 10001,
    "hit": 1000,
    "dod": 0,
    "cri": 1000,
    "cri_dam": 0,
    "speed_up": 1000,
    "real_dam": 0,
    "range_type": 1
  },
  {
    "role_lv": 39,
    "role_hp": 4100,
    "role_attack": 210,
    "role_defense": 40,
    "attack_speed": 1,
    "attack_range": 1.45,
    "lvup_crystal": 3900,
    "resource": 10001,
    "hit": 1000,
    "dod": 0,
    "cri": 1000,
    "cri_dam": 0,
    "speed_up": 1000,
    "real_dam": 0,
    "range_type": 1
  },
  {
    "role_lv": 40,
    "role_hp": 4200,
    "role_attack": 215,
    "role_defense": 41,
    "attack_speed": 1,
    "attack_range": 1.45,
    "lvup_crystal": 4000,
    "resource": 10001,
    "hit": 1000,
    "dod": 0,
    "cri": 1000,
    "cri_dam": 0,
    "speed_up": 1000,
    "real_dam": 0,
    "range_type": 1
  },
  {
    "role_lv": 41,
    "role_hp": 4300,
    "role_attack": 220,
    "role_defense": 42,
    "attack_speed": 1,
    "attack_range": 1.45,
    "lvup_crystal": 4100,
    "resource": 10001,
    "hit": 1000,
    "dod": 0,
    "cri": 1000,
    "cri_dam": 0,
    "speed_up": 1000,
    "real_dam": 0,
    "range_type": 1
  },
  {
    "role_lv": 42,
    "role_hp": 4400,
    "role_attack": 225,
    "role_defense": 43,
    "attack_speed": 1,
    "attack_range": 1.45,
    "lvup_crystal": 4200,
    "resource": 10001,
    "hit": 1000,
    "dod": 0,
    "cri": 1000,
    "cri_dam": 0,
    "speed_up": 1000,
    "real_dam": 0,
    "range_type": 1
  },
  {
    "role_lv": 43,
    "role_hp": 4500,
    "role_attack": 230,
    "role_defense": 44,
    "attack_speed": 1,
    "attack_range": 1.45,
    "lvup_crystal": 4300,
    "resource": 10001,
    "hit": 1000,
    "dod": 0,
    "cri": 1000,
    "cri_dam": 0,
    "speed_up": 1000,
    "real_dam": 0,
    "range_type": 1
  },
  {
    "role_lv": 44,
    "role_hp": 4600,
    "role_attack": 235,
    "role_defense": 45,
    "attack_speed": 1,
    "attack_range": 1.45,
    "lvup_crystal": 4400,
    "resource": 10001,
    "hit": 1000,
    "dod": 0,
    "cri": 1000,
    "cri_dam": 0,
    "speed_up": 1000,
    "real_dam": 0,
    "range_type": 1
  },
  {
    "role_lv": 45,
    "role_hp": 4700,
    "role_attack": 240,
    "role_defense": 46,
    "attack_speed": 1,
    "attack_range": 1.45,
    "lvup_crystal": 4500,
    "resource": 10001,
    "hit": 1000,
    "dod": 0,
    "cri": 1000,
    "cri_dam": 0,
    "speed_up": 1000,
    "real_dam": 0,
    "range_type": 1
  },
  {
    "role_lv": 46,
    "role_hp": 4800,
    "role_attack": 245,
    "role_defense": 47,
    "attack_speed": 1,
    "attack_range": 1.45,
    "lvup_crystal": 4600,
    "resource": 10001,
    "hit": 1000,
    "dod": 0,
    "cri": 1000,
    "cri_dam": 0,
    "speed_up": 1000,
    "real_dam": 0,
    "range_type": 1
  },
  {
    "role_lv": 47,
    "role_hp": 4900,
    "role_attack": 250,
    "role_defense": 48,
    "attack_speed": 1,
    "attack_range": 1.45,
    "lvup_crystal": 4700,
    "resource": 10001,
    "hit": 1000,
    "dod": 0,
    "cri": 1000,
    "cri_dam": 0,
    "speed_up": 1000,
    "real_dam": 0,
    "range_type": 1
  },
  {
    "role_lv": 48,
    "role_hp": 5000,
    "role_attack": 255,
    "role_defense": 49,
    "attack_speed": 1,
    "attack_range": 1.45,
    "lvup_crystal": 4800,
    "resource": 10001,
    "hit": 1000,
    "dod": 0,
    "cri": 1000,
    "cri_dam": 0,
    "speed_up": 1000,
    "real_dam": 0,
    "range_type": 1
  },
  {
    "role_lv": 49,
    "role_hp": 5100,
    "role_attack": 260,
    "role_defense": 50,
    "attack_speed": 1,
    "attack_range": 1.45,
    "lvup_crystal": 4900,
    "resource": 10001,
    "hit": 1000,
    "dod": 0,
    "cri": 1000,
    "cri_dam": 0,
    "speed_up": 1000,
    "real_dam": 0,
    "range_type": 1
  },
  {
    "role_lv": 50,
    "role_hp": 5200,
    "role_attack": 265,
    "role_defense": 51,
    "attack_speed": 1,
    "attack_range": 1.45,
    "lvup_crystal": 5000,
    "resource": 10001,
    "hit": 1000,
    "dod": 0,
    "cri": 1000,
    "cri_dam": 0,
    "speed_up": 1000,
    "real_dam": 0,
    "range_type": 1
  },
  {
    "role_lv": 51,
    "role_hp": 5300,
    "role_attack": 270,
    "role_defense": 52,
    "attack_speed": 1,
    "attack_range": 1.45,
    "lvup_crystal": 5100,
    "resource": 10001,
    "hit": 1000,
    "dod": 0,
    "cri": 1000,
    "cri_dam": 0,
    "speed_up": 1000,
    "real_dam": 0,
    "range_type": 1
  },
  {
    "role_lv": 52,
    "role_hp": 5400,
    "role_attack": 275,
    "role_defense": 53,
    "attack_speed": 1,
    "attack_range": 1.45,
    "lvup_crystal": 5200,
    "resource": 10001,
    "hit": 1000,
    "dod": 0,
    "cri": 1000,
    "cri_dam": 0,
    "speed_up": 1000,
    "real_dam": 0,
    "range_type": 1
  },
  {
    "role_lv": 53,
    "role_hp": 5500,
    "role_attack": 280,
    "role_defense": 54,
    "attack_speed": 1,
    "attack_range": 1.45,
    "lvup_crystal": 5300,
    "resource": 10001,
    "hit": 1000,
    "dod": 0,
    "cri": 1000,
    "cri_dam": 0,
    "speed_up": 1000,
    "real_dam": 0,
    "range_type": 1
  },
  {
    "role_lv": 54,
    "role_hp": 5600,
    "role_attack": 285,
    "role_defense": 55,
    "attack_speed": 1,
    "attack_range": 1.45,
    "lvup_crystal": 5400,
    "resource": 10001,
    "hit": 1000,
    "dod": 0,
    "cri": 1000,
    "cri_dam": 0,
    "speed_up": 1000,
    "real_dam": 0,
    "range_type": 1
  },
  {
    "role_lv": 55,
    "role_hp": 5700,
    "role_attack": 290,
    "role_defense": 56,
    "attack_speed": 1,
    "attack_range": 1.45,
    "lvup_crystal": 5500,
    "resource": 10001,
    "hit": 1000,
    "dod": 0,
    "cri": 1000,
    "cri_dam": 0,
    "speed_up": 1000,
    "real_dam": 0,
    "range_type": 1
  },
  {
    "role_lv": 56,
    "role_hp": 5800,
    "role_attack": 295,
    "role_defense": 57,
    "attack_speed": 1,
    "attack_range": 1.45,
    "lvup_crystal": 5600,
    "resource": 10001,
    "hit": 1000,
    "dod": 0,
    "cri": 1000,
    "cri_dam": 0,
    "speed_up": 1000,
    "real_dam": 0,
    "range_type": 1
  },
  {
    "role_lv": 57,
    "role_hp": 5900,
    "role_attack": 300,
    "role_defense": 58,
    "attack_speed": 1,
    "attack_range": 1.45,
    "lvup_crystal": 5700,
    "resource": 10001,
    "hit": 1000,
    "dod": 0,
    "cri": 1000,
    "cri_dam": 0,
    "speed_up": 1000,
    "real_dam": 0,
    "range_type": 1
  },
  {
    "role_lv": 58,
    "role_hp": 6000,
    "role_attack": 305,
    "role_defense": 59,
    "attack_speed": 1,
    "attack_range": 1.45,
    "lvup_crystal": 5800,
    "resource": 10001,
    "hit": 1000,
    "dod": 0,
    "cri": 1000,
    "cri_dam": 0,
    "speed_up": 1000,
    "real_dam": 0,
    "range_type": 1
  },
  {
    "role_lv": 59,
    "role_hp": 6100,
    "role_attack": 310,
    "role_defense": 60,
    "attack_speed": 1,
    "attack_range": 1.45,
    "lvup_crystal": 5900,
    "resource": 10001,
    "hit": 1000,
    "dod": 0,
    "cri": 1000,
    "cri_dam": 0,
    "speed_up": 1000,
    "real_dam": 0,
    "range_type": 1
  },
  {
    "role_lv": 60,
    "role_hp": 6200,
    "role_attack": 315,
    "role_defense": 61,
    "attack_speed": 1,
    "attack_range": 1.45,
    "lvup_crystal": 6000,
    "resource": 10001,
    "hit": 1000,
    "dod": 0,
    "cri": 1000,
    "cri_dam": 0,
    "speed_up": 1000,
    "real_dam": 0,
    "range_type": 1
  },
  {
    "role_lv": 61,
    "role_hp": 6300,
    "role_attack": 320,
    "role_defense": 62,
    "attack_speed": 1,
    "attack_range": 1.45,
    "lvup_crystal": 6100,
    "resource": 10001,
    "hit": 1000,
    "dod": 0,
    "cri": 1000,
    "cri_dam": 0,
    "speed_up": 1000,
    "real_dam": 0,
    "range_type": 1
  },
  {
    "role_lv": 62,
    "role_hp": 6400,
    "role_attack": 325,
    "role_defense": 63,
    "attack_speed": 1,
    "attack_range": 1.45,
    "lvup_crystal": 6200,
    "resource": 10001,
    "hit": 1000,
    "dod": 0,
    "cri": 1000,
    "cri_dam": 0,
    "speed_up": 1000,
    "real_dam": 0,
    "range_type": 1
  },
  {
    "role_lv": 63,
    "role_hp": 6500,
    "role_attack": 330,
    "role_defense": 64,
    "attack_speed": 1,
    "attack_range": 1.45,
    "lvup_crystal": 6300,
    "resource": 10001,
    "hit": 1000,
    "dod": 0,
    "cri": 1000,
    "cri_dam": 0,
    "speed_up": 1000,
    "real_dam": 0,
    "range_type": 1
  },
  {
    "role_lv": 64,
    "role_hp": 6600,
    "role_attack": 335,
    "role_defense": 65,
    "attack_speed": 1,
    "attack_range": 1.45,
    "lvup_crystal": 6400,
    "resource": 10001,
    "hit": 1000,
    "dod": 0,
    "cri": 1000,
    "cri_dam": 0,
    "speed_up": 1000,
    "real_dam": 0,
    "range_type": 1
  },
  {
    "role_lv": 65,
    "role_hp": 6700,
    "role_attack": 340,
    "role_defense": 66,
    "attack_speed": 1,
    "attack_range": 1.45,
    "lvup_crystal": 6500,
    "resource": 10001,
    "hit": 1000,
    "dod": 0,
    "cri": 1000,
    "cri_dam": 0,
    "speed_up": 1000,
    "real_dam": 0,
    "range_type": 1
  },
  {
    "role_lv": 66,
    "role_hp": 6800,
    "role_attack": 345,
    "role_defense": 67,
    "attack_speed": 1,
    "attack_range": 1.45,
    "lvup_crystal": 6600,
    "resource": 10001,
    "hit": 1000,
    "dod": 0,
    "cri": 1000,
    "cri_dam": 0,
    "speed_up": 1000,
    "real_dam": 0,
    "range_type": 1
  },
  {
    "role_lv": 67,
    "role_hp": 6900,
    "role_attack": 350,
    "role_defense": 68,
    "attack_speed": 1,
    "attack_range": 1.45,
    "lvup_crystal": 6700,
    "resource": 10001,
    "hit": 1000,
    "dod": 0,
    "cri": 1000,
    "cri_dam": 0,
    "speed_up": 1000,
    "real_dam": 0,
    "range_type": 1
  },
  {
    "role_lv": 68,
    "role_hp": 7000,
    "role_attack": 355,
    "role_defense": 69,
    "attack_speed": 1,
    "attack_range": 1.45,
    "lvup_crystal": 6800,
    "resource": 10001,
    "hit": 1000,
    "dod": 0,
    "cri": 1000,
    "cri_dam": 0,
    "speed_up": 1000,
    "real_dam": 0,
    "range_type": 1
  },
  {
    "role_lv": 69,
    "role_hp": 7100,
    "role_attack": 360,
    "role_defense": 70,
    "attack_speed": 1,
    "attack_range": 1.45,
    "lvup_crystal": 6900,
    "resource": 10001,
    "hit": 1000,
    "dod": 0,
    "cri": 1000,
    "cri_dam": 0,
    "speed_up": 1000,
    "real_dam": 0,
    "range_type": 1
  },
  {
    "role_lv": 70,
    "role_hp": 7200,
    "role_attack": 365,
    "role_defense": 71,
    "attack_speed": 1,
    "attack_range": 1.45,
    "lvup_crystal": 7000,
    "resource": 10001,
    "hit": 1000,
    "dod": 0,
    "cri": 1000,
    "cri_dam": 0,
    "speed_up": 1000,
    "real_dam": 0,
    "range_type": 1
  },
  {
    "role_lv": 71,
    "role_hp": 7300,
    "role_attack": 370,
    "role_defense": 72,
    "attack_speed": 1,
    "attack_range": 1.45,
    "lvup_crystal": 7100,
    "resource": 10001,
    "hit": 1000,
    "dod": 0,
    "cri": 1000,
    "cri_dam": 0,
    "speed_up": 1000,
    "real_dam": 0,
    "range_type": 1
  },
  {
    "role_lv": 72,
    "role_hp": 7400,
    "role_attack": 375,
    "role_defense": 73,
    "attack_speed": 1,
    "attack_range": 1.45,
    "lvup_crystal": 7200,
    "resource": 10001,
    "hit": 1000,
    "dod": 0,
    "cri": 1000,
    "cri_dam": 0,
    "speed_up": 1000,
    "real_dam": 0,
    "range_type": 1
  },
  {
    "role_lv": 73,
    "role_hp": 7500,
    "role_attack": 380,
    "role_defense": 74,
    "attack_speed": 1,
    "attack_range": 1.45,
    "lvup_crystal": 7300,
    "resource": 10001,
    "hit": 1000,
    "dod": 0,
    "cri": 1000,
    "cri_dam": 0,
    "speed_up": 1000,
    "real_dam": 0,
    "range_type": 1
  },
  {
    "role_lv": 74,
    "role_hp": 7600,
    "role_attack": 385,
    "role_defense": 75,
    "attack_speed": 1,
    "attack_range": 1.45,
    "lvup_crystal": 7400,
    "resource": 10001,
    "hit": 1000,
    "dod": 0,
    "cri": 1000,
    "cri_dam": 0,
    "speed_up": 1000,
    "real_dam": 0,
    "range_type": 1
  },
  {
    "role_lv": 75,
    "role_hp": 7700,
    "role_attack": 390,
    "role_defense": 76,
    "attack_speed": 1,
    "attack_range": 1.45,
    "lvup_crystal": 7500,
    "resource": 10001,
    "hit": 1000,
    "dod": 0,
    "cri": 1000,
    "cri_dam": 0,
    "speed_up": 1000,
    "real_dam": 0,
    "range_type": 1
  },
  {
    "role_lv": 76,
    "role_hp": 7800,
    "role_attack": 395,
    "role_defense": 77,
    "attack_speed": 1,
    "attack_range": 1.45,
    "lvup_crystal": 7600,
    "resource": 10001,
    "hit": 1000,
    "dod": 0,
    "cri": 1000,
    "cri_dam": 0,
    "speed_up": 1000,
    "real_dam": 0,
    "range_type": 1
  },
  {
    "role_lv": 77,
    "role_hp": 7900,
    "role_attack": 400,
    "role_defense": 78,
    "attack_speed": 1,
    "attack_range": 1.45,
    "lvup_crystal": 7700,
    "resource": 10001,
    "hit": 1000,
    "dod": 0,
    "cri": 1000,
    "cri_dam": 0,
    "speed_up": 1000,
    "real_dam": 0,
    "range_type": 1
  },
  {
    "role_lv": 78,
    "role_hp": 8000,
    "role_attack": 405,
    "role_defense": 79,
    "attack_speed": 1,
    "attack_range": 1.45,
    "lvup_crystal": 7800,
    "resource": 10001,
    "hit": 1000,
    "dod": 0,
    "cri": 1000,
    "cri_dam": 0,
    "speed_up": 1000,
    "real_dam": 0,
    "range_type": 1
  },
  {
    "role_lv": 79,
    "role_hp": 8100,
    "role_attack": 410,
    "role_defense": 80,
    "attack_speed": 1,
    "attack_range": 1.45,
    "lvup_crystal": 7900,
    "resource": 10001,
    "hit": 1000,
    "dod": 0,
    "cri": 1000,
    "cri_dam": 0,
    "speed_up": 1000,
    "real_dam": 0,
    "range_type": 1
  },
  {
    "role_lv": 80,
    "role_hp": 8200,
    "role_attack": 415,
    "role_defense": 81,
    "attack_speed": 1,
    "attack_range": 1.45,
    "lvup_crystal": 8000,
    "resource": 10001,
    "hit": 1000,
    "dod": 0,
    "cri": 1000,
    "cri_dam": 0,
    "speed_up": 1000,
    "real_dam": 0,
    "range_type": 1
  },
  {
    "role_lv": 81,
    "role_hp": 8300,
    "role_attack": 420,
    "role_defense": 82,
    "attack_speed": 1,
    "attack_range": 1.45,
    "lvup_crystal": 8100,
    "resource": 10001,
    "hit": 1000,
    "dod": 0,
    "cri": 1000,
    "cri_dam": 0,
    "speed_up": 1000,
    "real_dam": 0,
    "range_type": 1
  },
  {
    "role_lv": 82,
    "role_hp": 8400,
    "role_attack": 425,
    "role_defense": 83,
    "attack_speed": 1,
    "attack_range": 1.45,
    "lvup_crystal": 8200,
    "resource": 10001,
    "hit": 1000,
    "dod": 0,
    "cri": 1000,
    "cri_dam": 0,
    "speed_up": 1000,
    "real_dam": 0,
    "range_type": 1
  },
  {
    "role_lv": 83,
    "role_hp": 8500,
    "role_attack": 430,
    "role_defense": 84,
    "attack_speed": 1,
    "attack_range": 1.45,
    "lvup_crystal": 8300,
    "resource": 10001,
    "hit": 1000,
    "dod": 0,
    "cri": 1000,
    "cri_dam": 0,
    "speed_up": 1000,
    "real_dam": 0,
    "range_type": 1
  },
  {
    "role_lv": 84,
    "role_hp": 8600,
    "role_attack": 435,
    "role_defense": 85,
    "attack_speed": 1,
    "attack_range": 1.45,
    "lvup_crystal": 8400,
    "resource": 10001,
    "hit": 1000,
    "dod": 0,
    "cri": 1000,
    "cri_dam": 0,
    "speed_up": 1000,
    "real_dam": 0,
    "range_type": 1
  },
  {
    "role_lv": 85,
    "role_hp": 8700,
    "role_attack": 440,
    "role_defense": 86,
    "attack_speed": 1,
    "attack_range": 1.45,
    "lvup_crystal": 8500,
    "resource": 10001,
    "hit": 1000,
    "dod": 0,
    "cri": 1000,
    "cri_dam": 0,
    "speed_up": 1000,
    "real_dam": 0,
    "range_type": 1
  },
  {
    "role_lv": 86,
    "role_hp": 8800,
    "role_attack": 445,
    "role_defense": 87,
    "attack_speed": 1,
    "attack_range": 1.45,
    "lvup_crystal": 8600,
    "resource": 10001,
    "hit": 1000,
    "dod": 0,
    "cri": 1000,
    "cri_dam": 0,
    "speed_up": 1000,
    "real_dam": 0,
    "range_type": 1
  },
  {
    "role_lv": 87,
    "role_hp": 8900,
    "role_attack": 450,
    "role_defense": 88,
    "attack_speed": 1,
    "attack_range": 1.45,
    "lvup_crystal": 8700,
    "resource": 10001,
    "hit": 1000,
    "dod": 0,
    "cri": 1000,
    "cri_dam": 0,
    "speed_up": 1000,
    "real_dam": 0,
    "range_type": 1
  },
  {
    "role_lv": 88,
    "role_hp": 9000,
    "role_attack": 455,
    "role_defense": 89,
    "attack_speed": 1,
    "attack_range": 1.45,
    "lvup_crystal": 8800,
    "resource": 10001,
    "hit": 1000,
    "dod": 0,
    "cri": 1000,
    "cri_dam": 0,
    "speed_up": 1000,
    "real_dam": 0,
    "range_type": 1
  },
  {
    "role_lv": 89,
    "role_hp": 9100,
    "role_attack": 460,
    "role_defense": 90,
    "attack_speed": 1,
    "attack_range": 1.45,
    "lvup_crystal": 8900,
    "resource": 10001,
    "hit": 1000,
    "dod": 0,
    "cri": 1000,
    "cri_dam": 0,
    "speed_up": 1000,
    "real_dam": 0,
    "range_type": 1
  },
  {
    "role_lv": 90,
    "role_hp": 9200,
    "role_attack": 465,
    "role_defense": 91,
    "attack_speed": 1,
    "attack_range": 1.45,
    "lvup_crystal": 9000,
    "resource": 10001,
    "hit": 1000,
    "dod": 0,
    "cri": 1000,
    "cri_dam": 0,
    "speed_up": 1000,
    "real_dam": 0,
    "range_type": 1
  },
  {
    "role_lv": 91,
    "role_hp": 9300,
    "role_attack": 470,
    "role_defense": 92,
    "attack_speed": 1,
    "attack_range": 1.45,
    "lvup_crystal": 9100,
    "resource": 10001,
    "hit": 1000,
    "dod": 0,
    "cri": 1000,
    "cri_dam": 0,
    "speed_up": 1000,
    "real_dam": 0,
    "range_type": 1
  },
  {
    "role_lv": 92,
    "role_hp": 9400,
    "role_attack": 475,
    "role_defense": 93,
    "attack_speed": 1,
    "attack_range": 1.45,
    "lvup_crystal": 9200,
    "resource": 10001,
    "hit": 1000,
    "dod": 0,
    "cri": 1000,
    "cri_dam": 0,
    "speed_up": 1000,
    "real_dam": 0,
    "range_type": 1
  },
  {
    "role_lv": 93,
    "role_hp": 9500,
    "role_attack": 480,
    "role_defense": 94,
    "attack_speed": 1,
    "attack_range": 1.45,
    "lvup_crystal": 9300,
    "resource": 10001,
    "hit": 1000,
    "dod": 0,
    "cri": 1000,
    "cri_dam": 0,
    "speed_up": 1000,
    "real_dam": 0,
    "range_type": 1
  },
  {
    "role_lv": 94,
    "role_hp": 9600,
    "role_attack": 485,
    "role_defense": 95,
    "attack_speed": 1,
    "attack_range": 1.45,
    "lvup_crystal": 9400,
    "resource": 10001,
    "hit": 1000,
    "dod": 0,
    "cri": 1000,
    "cri_dam": 0,
    "speed_up": 1000,
    "real_dam": 0,
    "range_type": 1
  },
  {
    "role_lv": 95,
    "role_hp": 9700,
    "role_attack": 490,
    "role_defense": 96,
    "attack_speed": 1,
    "attack_range": 1.45,
    "lvup_crystal": 9500,
    "resource": 10001,
    "hit": 1000,
    "dod": 0,
    "cri": 1000,
    "cri_dam": 0,
    "speed_up": 1000,
    "real_dam": 0,
    "range_type": 1
  },
  {
    "role_lv": 96,
    "role_hp": 9800,
    "role_attack": 495,
    "role_defense": 97,
    "attack_speed": 1,
    "attack_range": 1.45,
    "lvup_crystal": 9600,
    "resource": 10001,
    "hit": 1000,
    "dod": 0,
    "cri": 1000,
    "cri_dam": 0,
    "speed_up": 1000,
    "real_dam": 0,
    "range_type": 1
  },
  {
    "role_lv": 97,
    "role_hp": 9900,
    "role_attack": 500,
    "role_defense": 98,
    "attack_speed": 1,
    "attack_range": 1.45,
    "lvup_crystal": 9700,
    "resource": 10001,
    "hit": 1000,
    "dod": 0,
    "cri": 1000,
    "cri_dam": 0,
    "speed_up": 1000,
    "real_dam": 0,
    "range_type": 1
  },
  {
    "role_lv": 98,
    "role_hp": 10000,
    "role_attack": 505,
    "role_defense": 99,
    "attack_speed": 1,
    "attack_range": 1.45,
    "lvup_crystal": 9800,
    "resource": 10001,
    "hit": 1000,
    "dod": 0,
    "cri": 1000,
    "cri_dam": 0,
    "speed_up": 1000,
    "real_dam": 0,
    "range_type": 1
  },
  {
    "role_lv": 99,
    "role_hp": 10100,
    "role_attack": 510,
    "role_defense": 100,
    "attack_speed": 1,
    "attack_range": 1.45,
    "lvup_crystal": 9900,
    "resource": 10001,
    "hit": 1000,
    "dod": 0,
    "cri": 1000,
    "cri_dam": 0,
    "speed_up": 1000,
    "real_dam": 0,
    "range_type": 1
  },
  {
    "role_lv": 100,
    "role_hp": 10200,
    "role_attack": 515,
    "role_defense": 101,
    "attack_speed": 1,
    "attack_range": 1.45,
    "lvup_crystal": 10000,
    "resource": 10001,
    "hit": 1000,
    "dod": 0,
    "cri": 1000,
    "cri_dam": 0,
    "speed_up": 1000,
    "real_dam": 0,
    "range_type": 1
  }
]