[
  {
    "id": 1,
    "name": "第1关",
    "wellen": "1001#1002#1003#1004#1005",
    "boss_DI": 100130001,
    "boss_gas": 100,
    "abc": "道具包",
    "map": "map_01",
    "Reincarnation": 100
  },
  {
    "id": 2,
    "name": "第2关",
    "wellen": "2001#2002#2003#2004#2005",
    "boss_DI": 100230001,
    "boss_gas": 100,
    "abc": "道具包",
    "map": "map_02",
    "Reincarnation": 200
  },
  {
    "id": 3,
    "name": "第3关",
    "wellen": "3001#3002#3003#3004#3005",
    "boss_DI": 100330001,
    "boss_gas": 100,
    "abc": "道具包",
    "map": "map_03",
    "Reincarnation": 300
  },
  {
    "id": 4,
    "name": "第4关",
    "wellen": "4001#4002#4003#4004#4005",
    "boss_DI": 100430001,
    "boss_gas": 100,
    "abc": "道具包",
    "map": "map_04",
    "Reincarnation": 400
  },
  {
    "id": 5,
    "name": "第5关",
    "wellen": "5001#5002#5003#5004#5005",
    "boss_DI": 100530001,
    "boss_gas": 100,
    "abc": "道具包",
    "map": "map_05",
    "Reincarnation": 500
  },
  {
    "id": 6,
    "name": "第6关",
    "wellen": "6001#6002#6003#6004#6005",
    "boss_DI": 100630001,
    "boss_gas": 100,
    "abc": "道具包",
    "map": "map_06",
    "Reincarnation": 600
  },
  {
    "id": 7,
    "name": "第7关",
    "wellen": "7001#7002#7003#7004#7005",
    "boss_DI": 100730001,
    "boss_gas": 100,
    "abc": "道具包",
    "map": "map_07",
    "Reincarnation": 700
  },
  {
    "id": 8,
    "name": "第8关",
    "wellen": "8001#8002#8003#8004#8005",
    "boss_DI": 100830001,
    "boss_gas": 100,
    "abc": "道具包",
    "map": "map_08",
    "Reincarnation": 800
  },
  {
    "id": 9,
    "name": "第9关",
    "wellen": "9001#9002#9003#9004#9005",
    "boss_DI": 100930001,
    "boss_gas": 100,
    "abc": "道具包",
    "map": "map_09",
    "Reincarnation": 900
  },
  {
    "id": 10,
    "name": "第10关",
    "wellen": "10001#10002#10003#10004#10005",
    "boss_DI": 101030001,
    "boss_gas": 100,
    "abc": "道具包",
    "map": "map_10",
    "Reincarnation": 1000
  },
  {
    "id": 11,
    "name": "第11关",
    "wellen": "11001#11002#11003#11004#11005",
    "boss_DI": 101130001,
    "boss_gas": 100,
    "abc": "道具包",
    "map": "map_11",
    "Reincarnation": 1100
  },
  {
    "id": 12,
    "name": "第12关",
    "wellen": "12001#12002#12003#12004#12005",
    "boss_DI": 101230001,
    "boss_gas": 100,
    "abc": "道具包",
    "map": "map_12",
    "Reincarnation": 1200
  },
  {
    "id": 13,
    "name": "第13关",
    "wellen": "13001#13002#13003#13004#13005",
    "boss_DI": 101330001,
    "boss_gas": 100,
    "abc": "道具包",
    "map": "map_13",
    "Reincarnation": 1300
  },
  {
    "id": 14,
    "name": "第14关",
    "wellen": "14001#14002#14003#14004#14005",
    "boss_DI": 101430001,
    "boss_gas": 100,
    "abc": "道具包",
    "map": "map_14",
    "Reincarnation": 1400
  },
  {
    "id": 15,
    "name": "第15关",
    "wellen": "15001#15002#15003#15004#15005",
    "boss_DI": 101530001,
    "boss_gas": 100,
    "abc": "道具包",
    "map": "map_15",
    "Reincarnation": 1500
  },
  {
    "id": 16,
    "name": "第16关",
    "wellen": "16001#16002#16003#16004#16005",
    "boss_DI": 101630001,
    "boss_gas": 100,
    "abc": "道具包",
    "map": "map_16",
    "Reincarnation": 1600
  },
  {
    "id": 17,
    "name": "第17关",
    "wellen": "17001#17002#17003#17004#17005",
    "boss_DI": 101730001,
    "boss_gas": 100,
    "abc": "道具包",
    "map": "map_17",
    "Reincarnation": 1700
  },
  {
    "id": 18,
    "name": "第18关",
    "wellen": "18001#18002#18003#18004#18005",
    "boss_DI": 101830001,
    "boss_gas": 100,
    "abc": "道具包",
    "map": "map_18",
    "Reincarnation": 1800
  },
  {
    "id": 19,
    "name": "第19关",
    "wellen": "19001#19002#19003#19004#19005",
    "boss_DI": 101930001,
    "boss_gas": 100,
    "abc": "道具包",
    "map": "map_19",
    "Reincarnation": 1900
  },
  {
    "id": 20,
    "name": "第20关",
    "wellen": "20001#20002#20003#20004#20005",
    "boss_DI": 102030001,
    "boss_gas": 100,
    "abc": "道具包",
    "map": "map_20",
    "Reincarnation": 2000
  },
  {
    "id": 21,
    "name": "第21关",
    "wellen": "21001#21002#21003#21004#21005",
    "boss_DI": 102130001,
    "boss_gas": 100,
    "abc": "道具包",
    "map": "map_21",
    "Reincarnation": 2100
  },
  {
    "id": 22,
    "name": "第22关",
    "wellen": "22001#22002#22003#22004#22005",
    "boss_DI": 102230001,
    "boss_gas": 100,
    "abc": "道具包",
    "map": "map_01",
    "Reincarnation": 2200
  },
  {
    "id": 23,
    "name": "第23关",
    "wellen": "23001#23002#23003#23004#23005",
    "boss_DI": 102330001,
    "boss_gas": 100,
    "abc": "道具包",
    "map": "map_02",
    "Reincarnation": 2300
  },
  {
    "id": 24,
    "name": "第24关",
    "wellen": "24001#24002#24003#24004#24005",
    "boss_DI": 102430001,
    "boss_gas": 100,
    "abc": "道具包",
    "map": "map_03",
    "Reincarnation": 2400
  },
  {
    "id": 25,
    "name": "第25关",
    "wellen": "25001#25002#25003#25004#25005",
    "boss_DI": 102530001,
    "boss_gas": 100,
    "abc": "道具包",
    "map": "map_04",
    "Reincarnation": 2500
  },
  {
    "id": 26,
    "name": "第26关",
    "wellen": "26001#26002#26003#26004#26005",
    "boss_DI": 102630001,
    "boss_gas": 100,
    "abc": "道具包",
    "map": "map_05",
    "Reincarnation": 2600
  },
  {
    "id": 27,
    "name": "第27关",
    "wellen": "27001#27002#27003#27004#27005",
    "boss_DI": 102730001,
    "boss_gas": 100,
    "abc": "道具包",
    "map": "map_06",
    "Reincarnation": 2700
  },
  {
    "id": 28,
    "name": "第28关",
    "wellen": "28001#28002#28003#28004#28005",
    "boss_DI": 102830001,
    "boss_gas": 100,
    "abc": "道具包",
    "map": "map_07",
    "Reincarnation": 2800
  },
  {
    "id": 29,
    "name": "第29关",
    "wellen": "29001#29002#29003#29004#29005",
    "boss_DI": 102930001,
    "boss_gas": 100,
    "abc": "道具包",
    "map": "map_08",
    "Reincarnation": 2900
  },
  {
    "id": 30,
    "name": "第30关",
    "wellen": "30001#30002#30003#30004#30005",
    "boss_DI": 103030001,
    "boss_gas": 100,
    "abc": "道具包",
    "map": "map_09",
    "Reincarnation": 3000
  },
  {
    "id": 31,
    "name": "第31关",
    "wellen": "31001#31002#31003#31004#31005",
    "boss_DI": 103130001,
    "boss_gas": 100,
    "abc": "道具包",
    "map": "map_10",
    "Reincarnation": 3100
  },
  {
    "id": 32,
    "name": "第32关",
    "wellen": "32001#32002#32003#32004#32005",
    "boss_DI": 103230001,
    "boss_gas": 100,
    "abc": "道具包",
    "map": "map_11",
    "Reincarnation": 3200
  },
  {
    "id": 33,
    "name": "第33关",
    "wellen": "33001#33002#33003#33004#33005",
    "boss_DI": 103330001,
    "boss_gas": 100,
    "abc": "道具包",
    "map": "map_12",
    "Reincarnation": 3300
  },
  {
    "id": 34,
    "name": "第34关",
    "wellen": "34001#34002#34003#34004#34005",
    "boss_DI": 103430001,
    "boss_gas": 100,
    "abc": "道具包",
    "map": "map_13",
    "Reincarnation": 3400
  },
  {
    "id": 35,
    "name": "第35关",
    "wellen": "35001#35002#35003#35004#35005",
    "boss_DI": 103530001,
    "boss_gas": 100,
    "abc": "道具包",
    "map": "map_14",
    "Reincarnation": 3500
  },
  {
    "id": 36,
    "name": "第36关",
    "wellen": "36001#36002#36003#36004#36005",
    "boss_DI": 103630001,
    "boss_gas": 100,
    "abc": "道具包",
    "map": "map_15",
    "Reincarnation": 3600
  },
  {
    "id": 37,
    "name": "第37关",
    "wellen": "37001#37002#37003#37004#37005",
    "boss_DI": 103730001,
    "boss_gas": 100,
    "abc": "道具包",
    "map": "map_16",
    "Reincarnation": 3700
  },
  {
    "id": 38,
    "name": "第38关",
    "wellen": "38001#38002#38003#38004#38005",
    "boss_DI": 103830001,
    "boss_gas": 100,
    "abc": "道具包",
    "map": "map_17",
    "Reincarnation": 3800
  },
  {
    "id": 39,
    "name": "第39关",
    "wellen": "39001#39002#39003#39004#39005",
    "boss_DI": 103930001,
    "boss_gas": 100,
    "abc": "道具包",
    "map": "map_18",
    "Reincarnation": 3900
  },
  {
    "id": 40,
    "name": "第40关",
    "wellen": "40001#40002#40003#40004#40005",
    "boss_DI": 104030001,
    "boss_gas": 100,
    "abc": "道具包",
    "map": "map_19",
    "Reincarnation": 4000
  },
  {
    "id": 41,
    "name": "第41关",
    "wellen": "41001#41002#41003#41004#41005",
    "boss_DI": 104130001,
    "boss_gas": 100,
    "abc": "道具包",
    "map": "map_20",
    "Reincarnation": 4100
  },
  {
    "id": 42,
    "name": "第42关",
    "wellen": "42001#42002#42003#42004#42005",
    "boss_DI": 104230001,
    "boss_gas": 100,
    "abc": "道具包",
    "map": "map_21",
    "Reincarnation": 4200
  },
  {
    "id": 43,
    "name": "第43关",
    "wellen": "43001#43002#43003#43004#43005",
    "boss_DI": 104330001,
    "boss_gas": 100,
    "abc": "道具包",
    "map": "map_01",
    "Reincarnation": 4300
  },
  {
    "id": 44,
    "name": "第44关",
    "wellen": "44001#44002#44003#44004#44005",
    "boss_DI": 104430001,
    "boss_gas": 100,
    "abc": "道具包",
    "map": "map_02",
    "Reincarnation": 4400
  },
  {
    "id": 45,
    "name": "第45关",
    "wellen": "45001#45002#45003#45004#45005",
    "boss_DI": 104530001,
    "boss_gas": 100,
    "abc": "道具包",
    "map": "map_03",
    "Reincarnation": 4500
  },
  {
    "id": 46,
    "name": "第46关",
    "wellen": "46001#46002#46003#46004#46005",
    "boss_DI": 104630001,
    "boss_gas": 100,
    "abc": "道具包",
    "map": "map_04",
    "Reincarnation": 4600
  },
  {
    "id": 47,
    "name": "第47关",
    "wellen": "47001#47002#47003#47004#47005",
    "boss_DI": 104730001,
    "boss_gas": 100,
    "abc": "道具包",
    "map": "map_05",
    "Reincarnation": 4700
  },
  {
    "id": 48,
    "name": "第48关",
    "wellen": "48001#48002#48003#48004#48005",
    "boss_DI": 104830001,
    "boss_gas": 100,
    "abc": "道具包",
    "map": "map_06",
    "Reincarnation": 4800
  },
  {
    "id": 49,
    "name": "第49关",
    "wellen": "49001#49002#49003#49004#49005",
    "boss_DI": 104930001,
    "boss_gas": 100,
    "abc": "道具包",
    "map": "map_07",
    "Reincarnation": 4900
  },
  {
    "id": 50,
    "name": "第50关",
    "wellen": "50001#50002#50003#50004#50005",
    "boss_DI": 105030001,
    "boss_gas": 100,
    "abc": "道具包",
    "map": "map_08",
    "Reincarnation": 5000
  }
]