[
  {
    "id": 10001,
    "name": "Role_001",
    "zoom": 1,
    "attack_framce": 4,
    "attack_all_framce": 8,
    "blood_offset": "-0.15,0.6",
    "blood_witch": 1,
    "hurt_offset": "-0.12,-0,3",
    "fight_offset": "0.32,-0.28",
    "idel_y": -0.69,
    "action_list": "1,2,3,4,5,6",
    "action_frame": "7,7,4,6,8,5",
    "target_border": "0.38,0.45,1.1"
  },
  {
    "id": 20001,
    "name": "Monster_001",
    "zoom": 1,
    "attack_framce": 5,
    "attack_all_framce": 10,
    "blood_offset": "-0.27,0.34",
    "blood_witch": 1,
    "hurt_offset": "-0.25,-0.26",
    "fight_offset": "0,0",
    "idel_y": -0.53,
    "action_list": "1,2,3,4,5",
    "action_frame": "4,8,5,7,8",
    "target_border": "0.45,0.45,0.83"
  },
  {
    "id": 20002,
    "name": "Monster_002",
    "zoom": 1,
    "attack_framce": 5,
    "attack_all_framce": 13,
    "blood_offset": "0.09,0.3",
    "blood_witch": 1,
    "hurt_offset": "0.07,-0.37",
    "fight_offset": "-0.13,-0.5",
    "idel_y": -0.66,
    "action_list": "1,2,3,4,5",
    "action_frame": "4,10,5,8,8",
    "target_border": "0.58,0.51,0.87"
  },
  {
    "id": 20003,
    "name": "Monster_003",
    "zoom": 1,
    "attack_framce": 8,
    "attack_all_framce": 8,
    "blood_offset": "-0.12,0.56",
    "blood_witch": 1,
    "hurt_offset": "-0.14,-0.13",
    "fight_offset": "0,0",
    "idel_y": -0.45,
    "action_list": "1,2,3,4,5",
    "action_frame": "4,13,6,10,8",
    "target_border": "0.91,0.69,0.94"
  },
  {
    "id": 20004,
    "name": "Monster_004",
    "zoom": 1,
    "attack_framce": 5,
    "attack_all_framce": 12,
    "blood_offset": "-0.22,0.52",
    "blood_witch": 1,
    "hurt_offset": "-0.2,-0.16",
    "fight_offset": "0,0",
    "idel_y": -0.69,
    "action_list": "1,2,3,4,5",
    "action_frame": "4,8,4,8,6",
    "target_border": "1.02,0.67,1.06"
  },
  {
    "id": 20005,
    "name": "Monster_005",
    "zoom": 1,
    "attack_framce": 5,
    "attack_all_framce": 8,
    "blood_offset": "-0.18,0.28",
    "blood_witch": 1,
    "hurt_offset": "-0.21,-0.51",
    "fight_offset": "0,0",
    "idel_y": -0.78,
    "action_list": "1,2,3,4,5",
    "action_frame": "4,12,5,9,10",
    "target_border": "0.91,0.56,0.98"
  },
  {
    "id": 20006,
    "name": "Monster_006",
    "zoom": 1,
    "attack_framce": 5,
    "attack_all_framce": 8,
    "blood_offset": "-0.26,0.4",
    "blood_witch": 1,
    "hurt_offset": "-0.33,-0.22",
    "fight_offset": "0,0",
    "idel_y": -0.54,
    "action_list": "1,2,3,4,5",
    "action_frame": "4,8,5,7,8",
    "target_border": "0.59,0.52,0.84"
  },
  {
    "id": 20007,
    "name": "Monster_007",
    "zoom": 1,
    "attack_framce": 5,
    "attack_all_framce": 8,
    "blood_offset": "-0.26,0.4",
    "blood_witch": 1,
    "hurt_offset": "-0.33,-0.26",
    "fight_offset": "0,0",
    "idel_y": -0.56,
    "action_list": "1,2,3,4,5",
    "action_frame": "4,8,5,7,8",
    "target_border": "0.45,0.45,0.83"
  },
  {
    "id": 20008,
    "name": "Monster_008",
    "zoom": 1,
    "attack_framce": 4,
    "attack_all_framce": 7,
    "blood_offset": "-0.14,0.1",
    "blood_witch": 1,
    "hurt_offset": "-0.14,-0.47",
    "fight_offset": "0,0",
    "idel_y": -0.66,
    "action_list": "1,2,3,4,5",
    "action_frame": "4,7,5,7,6",
    "target_border": "0.35,0.39,0.59"
  },
  {
    "id": 20009,
    "name": "Monster_009",
    "zoom": 1,
    "attack_framce": 3,
    "attack_all_framce": 6,
    "blood_offset": "-0.06,0.4",
    "blood_witch": 1,
    "hurt_offset": "-0.16,-0.35",
    "fight_offset": "0,0",
    "idel_y": -0.62,
    "action_list": "1,2,3,4,5",
    "action_frame": "4,6,5,7,6",
    "target_border": "0.55,0.48,0.85"
  },
  {
    "id": 20010,
    "name": "Monster_010",
    "zoom": 1,
    "attack_framce": 5,
    "attack_all_framce": 6,
    "blood_offset": "-0.13,0.03",
    "blood_witch": 1,
    "hurt_offset": "-0.13,-0.46",
    "fight_offset": "-0.22,-0.34",
    "idel_y": -0.64,
    "action_list": "1,2,3,4,5",
    "action_frame": "4,6,5,7,6",
    "target_border": "0.38,0.48,0.6"
  },
  {
    "id": 20011,
    "name": "Monster_011",
    "zoom": 1,
    "attack_framce": 4,
    "attack_all_framce": 7,
    "blood_offset": "-0.1,0.08",
    "blood_witch": 1,
    "hurt_offset": "-0.18,0.44",
    "fight_offset": "0,0",
    "idel_y": -0.64,
    "action_list": "1,2,3,4,5",
    "action_frame": "4,7,5,7,6",
    "target_border": "0.38,0.5,0.65"
  },
  {
    "id": 20012,
    "name": "Monster_012",
    "zoom": 1,
    "attack_framce": 6,
    "attack_all_framce": 8,
    "blood_offset": "-0.15,0",
    "blood_witch": 1,
    "hurt_offset": "-0.15,-0.47",
    "fight_offset": "0,0",
    "idel_y": -0.64,
    "action_list": "1,2,3,4,5",
    "action_frame": "4,8,3,7,5",
    "target_border": "0.26,0.29,0.47"
  },
  {
    "id": 20013,
    "name": "Monster_013",
    "zoom": 1,
    "attack_framce": 5,
    "attack_all_framce": 10,
    "blood_offset": "0.08,0.3",
    "blood_witch": 1,
    "hurt_offset": "0.08,-0.36",
    "fight_offset": "-0.086,-0.52",
    "idel_y": -0.66,
    "action_list": "1,2,3,4,5",
    "action_frame": "4,10,5,8,8",
    "target_border": "0.34,0.43,0.85"
  },
  {
    "id": 20014,
    "name": "Monster_014",
    "zoom": 1,
    "attack_framce": 5,
    "attack_all_framce": 10,
    "blood_offset": "0.08,0.3",
    "blood_witch": 1,
    "hurt_offset": "0.08,-0.36",
    "fight_offset": "-0.143,-0.475",
    "idel_y": -0.66,
    "action_list": "1,2,3,4,5",
    "action_frame": "4,10,5,8,8",
    "target_border": "0.39,0.41,0.89"
  },
  {
    "id": 20015,
    "name": "Monster_015",
    "zoom": 1,
    "attack_framce": 6,
    "attack_all_framce": 8,
    "blood_offset": "0.17,0",
    "blood_witch": 1,
    "hurt_offset": "0.16,-0.48",
    "fight_offset": "0,0",
    "idel_y": -0.64,
    "action_list": "1,2,3,4,5",
    "action_frame": "4,8,3,7,5",
    "target_border": "0.28,0.31,0.47"
  },
  {
    "id": 20016,
    "name": "Monster_016",
    "zoom": 1,
    "attack_framce": 4,
    "attack_all_framce": 7,
    "blood_offset": "0,0",
    "blood_witch": 1,
    "hurt_offset": "0,0",
    "fight_offset": "0,0",
    "idel_y": 0,
    "action_list": "1,2,3,4,5",
    "action_frame": "4,7,4,8,6",
    "target_border": "0.66,0.79,1.35"
  },
  {
    "id": 20017,
    "name": "Monster_017",
    "zoom": 1,
    "attack_framce": 5,
    "attack_all_framce": 7,
    "blood_offset": "0.2,0.44",
    "blood_witch": 1,
    "hurt_offset": "0.24,-0.14",
    "fight_offset": "1.01,0.12",
    "idel_y": -0.54,
    "action_list": "1,2,3,4,5",
    "action_frame": "4,7,4,8,6",
    "target_border": "0.42,0.54,0.89"
  },
  {
    "id": 20018,
    "name": "Monster_018",
    "zoom": 1,
    "attack_framce": 4,
    "attack_all_framce": 7,
    "blood_offset": "-0.19,0.52",
    "blood_witch": 1,
    "hurt_offset": "-0.19,-0.16",
    "fight_offset": "0,0",
    "idel_y": -0.71,
    "action_list": "1,2,3,4,5",
    "action_frame": "4,7,4,8,6",
    "target_border": "0.5,0.61,1.14"
  },
  {
    "id": 20019,
    "name": "Monster_019",
    "zoom": 1,
    "attack_framce": 6,
    "attack_all_framce": 8,
    "blood_offset": "-0.13,0",
    "blood_witch": 1,
    "hurt_offset": "-0.13,-0.46",
    "fight_offset": "0,0",
    "idel_y": -0.66,
    "action_list": "1,2,3,4,5",
    "action_frame": "4,8,3,7,5",
    "target_border": "0.27,0.35,0.5"
  },
  {
    "id": 20020,
    "name": "Monster_020",
    "zoom": 1,
    "attack_framce": 4,
    "attack_all_framce": 11,
    "blood_offset": "-0.14,0.95",
    "blood_witch": 1,
    "hurt_offset": "-0.18,0.08",
    "fight_offset": "0,0",
    "idel_y": -0.37,
    "action_list": "1,2,3,4,5",
    "action_frame": "8,11,5,9,8",
    "target_border": "0.42,0.42,1.16"
  },
  {
    "id": 20021,
    "name": "Monster_021",
    "zoom": 1,
    "attack_framce": 4,
    "attack_all_framce": 8,
    "blood_offset": "-0.14,0.2",
    "blood_witch": 1,
    "hurt_offset": "-0.15,-0.36",
    "fight_offset": "0,0",
    "idel_y": -0.65,
    "action_list": "1,2,3,4,5",
    "action_frame": "4,8,3,8,8",
    "target_border": "0.55,0.44,0.78"
  },
  {
    "id": 20022,
    "name": "Monster_022",
    "zoom": 1,
    "attack_framce": 5,
    "attack_all_framce": 9,
    "blood_offset": "-0.21,0.3",
    "blood_witch": 1,
    "hurt_offset": "-0.26,-0.56",
    "fight_offset": "-0.61,-0.32",
    "idel_y": -0.91,
    "action_list": "1,2,3,4,5",
    "action_frame": "4,9,5,7,8",
    "target_border": "0.59,0.81,1.06"
  },
  {
    "id": 20023,
    "name": "Monster_023",
    "zoom": 1,
    "attack_framce": 4,
    "attack_all_framce": 8,
    "blood_offset": "-0.22,0",
    "blood_witch": 1,
    "hurt_offset": "-0.27,-0.64",
    "fight_offset": "0,0",
    "idel_y": -0.88,
    "action_list": "1,2,3,4,5",
    "action_frame": "4,8,5,7,8",
    "target_border": "0.51,0.43,0.8"
  },
  {
    "id": 20024,
    "name": "Monster_024",
    "zoom": 1,
    "attack_framce": 6,
    "attack_all_framce": 9,
    "blood_offset": "-0.12,0.3",
    "blood_witch": 1,
    "hurt_offset": "-0.15,-0.41",
    "fight_offset": "0,0",
    "idel_y": -0.67,
    "action_list": "1,2,3,4,5",
    "action_frame": "4,9,7,6,6",
    "target_border": "0.46,0.34,0.78"
  },
  {
    "id": 20025,
    "name": "Monster_025",
    "zoom": 1,
    "attack_framce": 6,
    "attack_all_framce": 9,
    "blood_offset": "-0.14,0",
    "blood_witch": 1,
    "hurt_offset": "-0.18,-0.5",
    "fight_offset": "0,0",
    "idel_y": -0.67,
    "action_list": "1,2,3,4,5",
    "action_frame": "4,9,7,6,6",
    "target_border": "0.31,0.32,0.45"
  },
  {
    "id": 20026,
    "name": "Monster_026",
    "zoom": 1,
    "attack_framce": 6,
    "attack_all_framce": 9,
    "blood_offset": "-0.14,0",
    "blood_witch": 1,
    "hurt_offset": "-0.18,-0.5",
    "fight_offset": "0,0",
    "idel_y": -0.67,
    "action_list": "1,2,3,4,5",
    "action_frame": "4,9,7,6,6",
    "target_border": "0.31,0.32,0.45"
  },
  {
    "id": 20027,
    "name": "Monster_027",
    "zoom": 1,
    "attack_framce": 6,
    "attack_all_framce": 9,
    "blood_offset": "-0.14,0",
    "blood_witch": 1,
    "hurt_offset": "-0.18,-0.5",
    "fight_offset": "0,0",
    "idel_y": -0.67,
    "action_list": "1,2,3,4,5",
    "action_frame": "4,9,7,6,6",
    "target_border": "0.31,0.32,0.45"
  },
  {
    "id": 20028,
    "name": "Monster_028",
    "zoom": 1,
    "attack_framce": 4,
    "attack_all_framce": 8,
    "blood_offset": "-0.1,0.55",
    "blood_witch": 1,
    "hurt_offset": "-0.17,-0.31",
    "fight_offset": "0,0",
    "idel_y": -0.67,
    "action_list": "1,2,3,4,5",
    "action_frame": "4,8,4,9,6",
    "target_border": "0.5,0.5,1.08"
  },
  {
    "id": 20029,
    "name": "Monster_029",
    "zoom": 1,
    "attack_framce": 6,
    "attack_all_framce": 8,
    "blood_offset": "-0.15,0.44",
    "blood_witch": 1,
    "hurt_offset": "-0.18,-0.38",
    "fight_offset": "0,0",
    "idel_y": -0.63,
    "action_list": "1,2,3,4,5",
    "action_frame": "4,8,3,12,5",
    "target_border": "0.5,0.5,0.94"
  },
  {
    "id": 20030,
    "name": "Monster_030",
    "zoom": 1,
    "attack_framce": 5,
    "attack_all_framce": 9,
    "blood_offset": "-0.1,0.65",
    "blood_witch": 1,
    "hurt_offset": "-0.16,-0.37",
    "fight_offset": "0,0",
    "idel_y": -0.67,
    "action_list": "1,2,3,4,5",
    "action_frame": "4,9,4,9,6",
    "target_border": "0.56,0.48,1.2"
  },
  {
    "id": 20031,
    "name": "Monster_031",
    "zoom": 1,
    "attack_framce": 4,
    "attack_all_framce": 8,
    "blood_offset": "-0.21,0.47",
    "blood_witch": 1,
    "hurt_offset": "-0.26,-0.35",
    "fight_offset": "-1.06,-0.54",
    "idel_y": -0.72,
    "action_list": "1,2,3,4,5",
    "action_frame": "4,8,4,8,6",
    "target_border": "0.59,0.67,1"
  },
  {
    "id": 20032,
    "name": "Monster_032",
    "zoom": 1,
    "attack_framce": 4,
    "attack_all_framce": 7,
    "blood_offset": "0,1.4",
    "blood_witch": 1,
    "hurt_offset": "0,0",
    "fight_offset": "0,0",
    "idel_y": -0.86,
    "action_list": "1,2,3,4,5",
    "action_frame": "4,7,4,8,8",
    "target_border": "1.4,1.4,2"
  },
  {
    "id": 20033,
    "name": "Monster_033",
    "zoom": 1,
    "attack_framce": 5,
    "attack_all_framce": 8,
    "blood_offset": "-0.2,1",
    "blood_witch": 1,
    "hurt_offset": "-0.23,-0.12",
    "fight_offset": "0,0",
    "idel_y": -0.79,
    "action_list": "1,2,3,4,5",
    "action_frame": "4,8,4,7,8",
    "target_border": "0.77,1.69,1.65"
  },
  {
    "id": 20034,
    "name": "Monster_034",
    "zoom": 1,
    "attack_framce": 5,
    "attack_all_framce": 6,
    "blood_offset": "-0.13,0",
    "blood_witch": 1,
    "hurt_offset": "-0.14,-0.51",
    "fight_offset": "0,0",
    "idel_y": -0.69,
    "action_list": "1,2,3,4,5",
    "action_frame": "4,6,4,7,6",
    "target_border": "0.4,0.4,0.67"
  },
  {
    "id": 20035,
    "name": "Monster_035",
    "zoom": 1,
    "attack_framce": 4,
    "attack_all_framce": 5,
    "blood_offset": "-0.05,0.5",
    "blood_witch": 1,
    "hurt_offset": "-0.16,-0.41",
    "fight_offset": "0,0",
    "idel_y": -0.63,
    "action_list": "1,2,3,4,5",
    "action_frame": "4,5,5,6,6",
    "target_border": "0.53,0.67,0.94"
  },
  {
    "id": 20036,
    "name": "Monster_036",
    "zoom": 1,
    "attack_framce": 5,
    "attack_all_framce": 6,
    "blood_offset": "-0.13,0",
    "blood_witch": 1,
    "hurt_offset": "-0.14,-0.51",
    "fight_offset": "0,0",
    "idel_y": -0.69,
    "action_list": "1,2,3,4,5",
    "action_frame": "4,6,4,7,6",
    "target_border": "0.4,0.4,0.67"
  },
  {
    "id": 20037,
    "name": "Monster_037",
    "zoom": 1,
    "attack_framce": 5,
    "attack_all_framce": 6,
    "blood_offset": "-0.13,0",
    "blood_witch": 1,
    "hurt_offset": "-0.14,-0.51",
    "fight_offset": "0,0",
    "idel_y": -0.69,
    "action_list": "1,2,3,4,5",
    "action_frame": "4,6,4,7,6",
    "target_border": "0.4,0.4,0.67"
  },
  {
    "id": 20038,
    "name": "Monster_038",
    "zoom": 1,
    "attack_framce": 5,
    "attack_all_framce": 12,
    "blood_offset": "-0.19,0.17",
    "blood_witch": 1,
    "hurt_offset": "-0.34,-0.31",
    "fight_offset": "0,0",
    "idel_y": -0.53,
    "action_list": "1,2,3,4,5",
    "action_frame": "4,12,6,11,10",
    "target_border": "0.64,0.32,0.55"
  },
  {
    "id": 20039,
    "name": "Monster_039",
    "zoom": 1,
    "attack_framce": 6,
    "attack_all_framce": 10,
    "blood_offset": "-0.07,2",
    "blood_witch": 1,
    "hurt_offset": "-0.32,0.46",
    "fight_offset": "0,0",
    "idel_y": -0.3,
    "action_list": "1,2,3,4,5",
    "action_frame": "8,10,5,9,8",
    "target_border": "1.15,0.7,2"
  },
  {
    "id": 20040,
    "name": "Monster_040",
    "zoom": 1,
    "attack_framce": 6,
    "attack_all_framce": 15,
    "blood_offset": "-0.45,2.38",
    "blood_witch": 1,
    "hurt_offset": "-0.35,0.62",
    "fight_offset": "0,0",
    "idel_y": -1.55,
    "action_list": "1,2,3,4,5",
    "action_frame": "10,15,6,9,10",
    "target_border": "1.67,1,4"
  },
  {
    "id": 30001,
    "name": "Effect_001",
    "zoom": 1,
    "attack_framce": 0,
    "attack_all_framce": 0.0,
    "blood_offset": 0,
    "blood_witch": 0,
    "hurt_offset": "-1.61,-0.1",
    "fight_offset": "-1.61,-0.1",
    "idel_y": 0,
    "action_list": 0,
    "action_frame": 4,
    "target_border": ""
  },
  {
    "id": 30002,
    "name": "Effect_002",
    "zoom": 1,
    "attack_framce": 0,
    "attack_all_framce": 0.0,
    "blood_offset": 0,
    "blood_witch": 0,
    "hurt_offset": "0,0",
    "fight_offset": "0,0",
    "idel_y": 0,
    "action_list": 0,
    "action_frame": 8,
    "target_border": ""
  },
  {
    "id": 30003,
    "name": "Effect_003",
    "zoom": 1,
    "attack_framce": 0,
    "attack_all_framce": 0.0,
    "blood_offset": 0,
    "blood_witch": 0,
    "hurt_offset": "-0.24,-0.001",
    "fight_offset": "0.27,-0.001",
    "idel_y": 0,
    "action_list": 0,
    "action_frame": 1,
    "target_border": ""
  },
  {
    "id": 30004,
    "name": "Effect_004",
    "zoom": 1,
    "attack_framce": 0,
    "attack_all_framce": 0.0,
    "blood_offset": 0,
    "blood_witch": 0,
    "hurt_offset": "-1.74,-0.15",
    "fight_offset": "-1.74,-0.15",
    "idel_y": 0,
    "action_list": 0,
    "action_frame": 4,
    "target_border": ""
  },
  {
    "id": 30005,
    "name": "Effect_005",
    "zoom": 1,
    "attack_framce": 0,
    "attack_all_framce": 0.0,
    "blood_offset": 0,
    "blood_witch": 0,
    "hurt_offset": "-1.76,-0.14",
    "fight_offset": "-1.76,-0.14",
    "idel_y": 0,
    "action_list": 0,
    "action_frame": 4,
    "target_border": ""
  },
  {
    "id": 30006,
    "name": "Effect_006",
    "zoom": 1,
    "attack_framce": 0,
    "attack_all_framce": 0.0,
    "blood_offset": 0,
    "blood_witch": 0,
    "hurt_offset": "0,0.21",
    "fight_offset": "0,0",
    "idel_y": 0,
    "action_list": 0,
    "action_frame": 4,
    "target_border": ""
  },
  {
    "id": 30007,
    "name": "Effect_007",
    "zoom": 1,
    "attack_framce": 0,
    "attack_all_framce": 0.0,
    "blood_offset": 0,
    "blood_witch": 0,
    "hurt_offset": "-0.91,-0.36",
    "fight_offset": "0,0",
    "idel_y": 0,
    "action_list": 0,
    "action_frame": 4,
    "target_border": ""
  },
  {
    "id": 30008,
    "name": "Effect_008",
    "zoom": 1,
    "attack_framce": 0,
    "attack_all_framce": 0.0,
    "blood_offset": 0,
    "blood_witch": 0,
    "hurt_offset": "-1.11,0.15",
    "fight_offset": "0,0",
    "idel_y": 0,
    "action_list": 0,
    "action_frame": 4,
    "target_border": ""
  },
  {
    "id": 30009,
    "name": "Effect_009",
    "zoom": 1,
    "attack_framce": 0,
    "attack_all_framce": 0.0,
    "blood_offset": 0,
    "blood_witch": 0,
    "hurt_offset": "0.51,-0.93",
    "fight_offset": "0,0",
    "idel_y": 0,
    "action_list": 0,
    "action_frame": 6,
    "target_border": ""
  },
  {
    "id": 35001,
    "name": "Effect_1001",
    "zoom": 1,
    "attack_framce": 7,
    "attack_all_framce": 0.0,
    "blood_offset": 0,
    "blood_witch": 0,
    "hurt_offset": "0,0.5",
    "fight_offset": "0,0",
    "idel_y": 0,
    "action_list": 0,
    "action_frame": 18,
    "target_border": ""
  },
  {
    "id": 35002,
    "name": "Effect_1002",
    "zoom": 1,
    "attack_framce": 4,
    "attack_all_framce": 0.0,
    "blood_offset": 0,
    "blood_witch": 0,
    "hurt_offset": "0,0.27",
    "fight_offset": "0,0",
    "idel_y": 0,
    "action_list": 0,
    "action_frame": 9,
    "target_border": ""
  },
  {
    "id": 35003,
    "name": "Effect_1003",
    "zoom": 1,
    "attack_framce": 0.0,
    "attack_all_framce": 0.0,
    "blood_offset": 0,
    "blood_witch": 0,
    "hurt_offset": "0,0",
    "fight_offset": "0,0",
    "idel_y": 0,
    "action_list": 0,
    "action_frame": 14,
    "target_border": ""
  },
  {
    "id": 35004,
    "name": "Effect_1004",
    "zoom": 1,
    "attack_framce": 0.0,
    "attack_all_framce": 0.0,
    "blood_offset": 0,
    "blood_witch": 0,
    "hurt_offset": "0,0",
    "fight_offset": "0,0",
    "idel_y": 0,
    "action_list": 0,
    "action_frame": 21,
    "target_border": ""
  },
  {
    "id": 35005,
    "name": "Effect_1005",
    "zoom": 1,
    "attack_framce": 3,
    "attack_all_framce": 0.0,
    "blood_offset": "",
    "blood_witch": 0.0,
    "hurt_offset": "0,-0.9",
    "fight_offset": "0,0",
    "idel_y": 0,
    "action_list": 0,
    "action_frame": 11,
    "target_border": ""
  },
  {
    "id": 35006,
    "name": "Effect_1006",
    "zoom": 1,
    "attack_framce": 2,
    "attack_all_framce": 0.0,
    "blood_offset": 0,
    "blood_witch": 0,
    "hurt_offset": "0,-0.27",
    "fight_offset": "0,0",
    "idel_y": 0,
    "action_list": 0,
    "action_frame": 8,
    "target_border": ""
  },
  {
    "id": 35007,
    "name": "Effect_1007",
    "zoom": 1,
    "attack_framce": 4,
    "attack_all_framce": 0.0,
    "blood_offset": 0,
    "blood_witch": 0,
    "hurt_offset": "0,-0.7",
    "fight_offset": "0,0",
    "idel_y": 0,
    "action_list": 0,
    "action_frame": 8,
    "target_border": ""
  },
  {
    "id": 35008,
    "name": "Effect_1008",
    "zoom": 1,
    "attack_framce": 10,
    "attack_all_framce": 0.0,
    "blood_offset": 0,
    "blood_witch": 0,
    "hurt_offset": "0.09,-0.73",
    "fight_offset": "0,0",
    "idel_y": 0,
    "action_list": 0,
    "action_frame": 17,
    "target_border": ""
  },
  {
    "id": 35009,
    "name": "Effect_1009",
    "zoom": 1,
    "attack_framce": 15,
    "attack_all_framce": 0.0,
    "blood_offset": 0,
    "blood_witch": 0,
    "hurt_offset": "-1.23,-0.24",
    "fight_offset": "0,0",
    "idel_y": 0,
    "action_list": 0,
    "action_frame": 19,
    "target_border": ""
  },
  {
    "id": 35010,
    "name": "Effect_1010",
    "zoom": 1,
    "attack_framce": 5,
    "attack_all_framce": 0.0,
    "blood_offset": 0,
    "blood_witch": 0,
    "hurt_offset": "0,-0.9",
    "fight_offset": "0,0",
    "idel_y": 0,
    "action_list": 0,
    "action_frame": 15,
    "target_border": ""
  },
  {
    "id": 35011,
    "name": "Effect_1011",
    "zoom": 1,
    "attack_framce": 17,
    "attack_all_framce": 0.0,
    "blood_offset": 0,
    "blood_witch": 0,
    "hurt_offset": "-1.08,-1.23",
    "fight_offset": "0,0",
    "idel_y": 0,
    "action_list": 0,
    "action_frame": 24,
    "target_border": ""
  },
  {
    "id": 35012,
    "name": "Effect_1012",
    "zoom": 1,
    "attack_framce": 0.0,
    "attack_all_framce": 0.0,
    "blood_offset": 0,
    "blood_witch": 0,
    "hurt_offset": "0,-1.25",
    "fight_offset": "0,0",
    "idel_y": 0,
    "action_list": 0,
    "action_frame": 8,
    "target_border": ""
  },
  {
    "id": 35013,
    "name": "Effect_1013",
    "zoom": 1,
    "attack_framce": 0.0,
    "attack_all_framce": 0.0,
    "blood_offset": 0,
    "blood_witch": 0,
    "hurt_offset": "0,0",
    "fight_offset": "0,0",
    "idel_y": 0,
    "action_list": 0,
    "action_frame": 7,
    "target_border": ""
  },
  {
    "id": 40001,
    "name": "Effect_fire",
    "zoom": 1,
    "attack_framce": 0,
    "attack_all_framce": 0.0,
    "blood_offset": 0,
    "blood_witch": 0,
    "hurt_offset": "0,0",
    "fight_offset": "0,0",
    "idel_y": 0,
    "action_list": 0,
    "action_frame": 8,
    "target_border": ""
  }
]