[
  {
    "id": 1,
    "name": "猛击",
    "icon": "samsara_01",
    "level": 1,
    "type": "100,",
    "value": 2,
    "coast": 100,
    "sort": 1
  },
  {
    "id": 1,
    "name": "猛击",
    "icon": "samsara_01",
    "level": 2,
    "type": "100,",
    "value": 4,
    "coast": 200,
    "sort": 1
  },
  {
    "id": 1,
    "name": "猛击",
    "icon": "samsara_01",
    "level": 3,
    "type": "100,",
    "value": 6,
    "coast": 300,
    "sort": 1
  },
  {
    "id": 1,
    "name": "猛击",
    "icon": "samsara_01",
    "level": 4,
    "type": "100,",
    "value": 8,
    "coast": 400,
    "sort": 1
  },
  {
    "id": 1,
    "name": "猛击",
    "icon": "samsara_01",
    "level": 5,
    "type": "100,",
    "value": 10,
    "coast": 500,
    "sort": 1
  },
  {
    "id": 1,
    "name": "猛击",
    "icon": "samsara_01",
    "level": 6,
    "type": "100,",
    "value": 12,
    "coast": 600,
    "sort": 1
  },
  {
    "id": 1,
    "name": "猛击",
    "icon": "samsara_01",
    "level": 7,
    "type": "100,",
    "value": 14,
    "coast": 700,
    "sort": 1
  },
  {
    "id": 1,
    "name": "猛击",
    "icon": "samsara_01",
    "level": 8,
    "type": "100,",
    "value": 16,
    "coast": 800,
    "sort": 1
  },
  {
    "id": 1,
    "name": "猛击",
    "icon": "samsara_01",
    "level": 9,
    "type": "100,",
    "value": 18,
    "coast": 900,
    "sort": 1
  },
  {
    "id": 1,
    "name": "猛击",
    "icon": "samsara_01",
    "level": 10,
    "type": "100,",
    "value": 20,
    "coast": 1000,
    "sort": 1
  },
  {
    "id": 1,
    "name": "猛击",
    "icon": "samsara_01",
    "level": 11,
    "type": "100,",
    "value": 22,
    "coast": 1100,
    "sort": 1
  },
  {
    "id": 1,
    "name": "猛击",
    "icon": "samsara_01",
    "level": 12,
    "type": "100,",
    "value": 24,
    "coast": 1200,
    "sort": 1
  },
  {
    "id": 1,
    "name": "猛击",
    "icon": "samsara_01",
    "level": 13,
    "type": "100,",
    "value": 26,
    "coast": 1300,
    "sort": 1
  },
  {
    "id": 1,
    "name": "猛击",
    "icon": "samsara_01",
    "level": 14,
    "type": "100,",
    "value": 28,
    "coast": 1400,
    "sort": 1
  },
  {
    "id": 1,
    "name": "猛击",
    "icon": "samsara_01",
    "level": 15,
    "type": "100,",
    "value": 30,
    "coast": 1500,
    "sort": 1
  },
  {
    "id": 1,
    "name": "猛击",
    "icon": "samsara_01",
    "level": 16,
    "type": "100,",
    "value": 32,
    "coast": 1600,
    "sort": 1
  },
  {
    "id": 1,
    "name": "猛击",
    "icon": "samsara_01",
    "level": 17,
    "type": "100,",
    "value": 34,
    "coast": 1700,
    "sort": 1
  },
  {
    "id": 1,
    "name": "猛击",
    "icon": "samsara_01",
    "level": 18,
    "type": "100,",
    "value": 36,
    "coast": 1800,
    "sort": 1
  },
  {
    "id": 1,
    "name": "猛击",
    "icon": "samsara_01",
    "level": 19,
    "type": "100,",
    "value": 38,
    "coast": 1900,
    "sort": 1
  },
  {
    "id": 1,
    "name": "猛击",
    "icon": "samsara_01",
    "level": 20,
    "type": "100,",
    "value": 40,
    "coast": 2000,
    "sort": 1
  },
  {
    "id": 1,
    "name": "猛击",
    "icon": "samsara_01",
    "level": 21,
    "type": "100,",
    "value": 42,
    "coast": 2100,
    "sort": 1
  },
  {
    "id": 1,
    "name": "猛击",
    "icon": "samsara_01",
    "level": 22,
    "type": "100,",
    "value": 44,
    "coast": 2200,
    "sort": 1
  },
  {
    "id": 1,
    "name": "猛击",
    "icon": "samsara_01",
    "level": 23,
    "type": "100,",
    "value": 46,
    "coast": 2300,
    "sort": 1
  },
  {
    "id": 1,
    "name": "猛击",
    "icon": "samsara_01",
    "level": 24,
    "type": "100,",
    "value": 48,
    "coast": 2400,
    "sort": 1
  },
  {
    "id": 1,
    "name": "猛击",
    "icon": "samsara_01",
    "level": 25,
    "type": "100,",
    "value": 50,
    "coast": 2500,
    "sort": 1
  },
  {
    "id": 1,
    "name": "猛击",
    "icon": "samsara_01",
    "level": 26,
    "type": "100,",
    "value": 52,
    "coast": 2600,
    "sort": 1
  },
  {
    "id": 1,
    "name": "猛击",
    "icon": "samsara_01",
    "level": 27,
    "type": "100,",
    "value": 54,
    "coast": 2700,
    "sort": 1
  },
  {
    "id": 1,
    "name": "猛击",
    "icon": "samsara_01",
    "level": 28,
    "type": "100,",
    "value": 56,
    "coast": 2800,
    "sort": 1
  },
  {
    "id": 1,
    "name": "猛击",
    "icon": "samsara_01",
    "level": 29,
    "type": "100,",
    "value": 58,
    "coast": 2900,
    "sort": 1
  },
  {
    "id": 1,
    "name": "猛击",
    "icon": "samsara_01",
    "level": 30,
    "type": "100,",
    "value": 60,
    "coast": 3000,
    "sort": 1
  },
  {
    "id": 1,
    "name": "猛击",
    "icon": "samsara_01",
    "level": 31,
    "type": "100,",
    "value": 62,
    "coast": 3100,
    "sort": 1
  },
  {
    "id": 1,
    "name": "猛击",
    "icon": "samsara_01",
    "level": 32,
    "type": "100,",
    "value": 64,
    "coast": 3200,
    "sort": 1
  },
  {
    "id": 1,
    "name": "猛击",
    "icon": "samsara_01",
    "level": 33,
    "type": "100,",
    "value": 66,
    "coast": 3300,
    "sort": 1
  },
  {
    "id": 1,
    "name": "猛击",
    "icon": "samsara_01",
    "level": 34,
    "type": "100,",
    "value": 68,
    "coast": 3400,
    "sort": 1
  },
  {
    "id": 1,
    "name": "猛击",
    "icon": "samsara_01",
    "level": 35,
    "type": "100,",
    "value": 70,
    "coast": 3500,
    "sort": 1
  },
  {
    "id": 1,
    "name": "猛击",
    "icon": "samsara_01",
    "level": 36,
    "type": "100,",
    "value": 72,
    "coast": 3600,
    "sort": 1
  },
  {
    "id": 1,
    "name": "猛击",
    "icon": "samsara_01",
    "level": 37,
    "type": "100,",
    "value": 74,
    "coast": 3700,
    "sort": 1
  },
  {
    "id": 1,
    "name": "猛击",
    "icon": "samsara_01",
    "level": 38,
    "type": "100,",
    "value": 76,
    "coast": 3800,
    "sort": 1
  },
  {
    "id": 1,
    "name": "猛击",
    "icon": "samsara_01",
    "level": 39,
    "type": "100,",
    "value": 78,
    "coast": 3900,
    "sort": 1
  },
  {
    "id": 1,
    "name": "猛击",
    "icon": "samsara_01",
    "level": 40,
    "type": "100,",
    "value": 80,
    "coast": 4000,
    "sort": 1
  },
  {
    "id": 1,
    "name": "猛击",
    "icon": "samsara_01",
    "level": 41,
    "type": "100,",
    "value": 82,
    "coast": 4100,
    "sort": 1
  },
  {
    "id": 1,
    "name": "猛击",
    "icon": "samsara_01",
    "level": 42,
    "type": "100,",
    "value": 84,
    "coast": 4200,
    "sort": 1
  },
  {
    "id": 1,
    "name": "猛击",
    "icon": "samsara_01",
    "level": 43,
    "type": "100,",
    "value": 86,
    "coast": 4300,
    "sort": 1
  },
  {
    "id": 1,
    "name": "猛击",
    "icon": "samsara_01",
    "level": 44,
    "type": "100,",
    "value": 88,
    "coast": 4400,
    "sort": 1
  },
  {
    "id": 1,
    "name": "猛击",
    "icon": "samsara_01",
    "level": 45,
    "type": "100,",
    "value": 90,
    "coast": 4500,
    "sort": 1
  },
  {
    "id": 1,
    "name": "猛击",
    "icon": "samsara_01",
    "level": 46,
    "type": "100,",
    "value": 92,
    "coast": 4600,
    "sort": 1
  },
  {
    "id": 1,
    "name": "猛击",
    "icon": "samsara_01",
    "level": 47,
    "type": "100,",
    "value": 94,
    "coast": 4700,
    "sort": 1
  },
  {
    "id": 1,
    "name": "猛击",
    "icon": "samsara_01",
    "level": 48,
    "type": "100,",
    "value": 96,
    "coast": 4800,
    "sort": 1
  },
  {
    "id": 1,
    "name": "猛击",
    "icon": "samsara_01",
    "level": 49,
    "type": "100,",
    "value": 98,
    "coast": 4900,
    "sort": 1
  },
  {
    "id": 1,
    "name": "猛击",
    "icon": "samsara_01",
    "level": 50,
    "type": "100,",
    "value": 100,
    "coast": 5000,
    "sort": 1
  },
  {
    "id": 2,
    "name": "重甲",
    "icon": "samsara_01",
    "level": 1,
    "type": "101,",
    "value": 2,
    "coast": 100,
    "sort": 2
  },
  {
    "id": 2,
    "name": "重甲",
    "icon": "samsara_01",
    "level": 2,
    "type": "101,",
    "value": 4,
    "coast": 200,
    "sort": 2
  },
  {
    "id": 2,
    "name": "重甲",
    "icon": "samsara_01",
    "level": 3,
    "type": "101,",
    "value": 6,
    "coast": 300,
    "sort": 2
  },
  {
    "id": 2,
    "name": "重甲",
    "icon": "samsara_01",
    "level": 4,
    "type": "101,",
    "value": 8,
    "coast": 400,
    "sort": 2
  },
  {
    "id": 2,
    "name": "重甲",
    "icon": "samsara_01",
    "level": 5,
    "type": "101,",
    "value": 10,
    "coast": 500,
    "sort": 2
  },
  {
    "id": 2,
    "name": "重甲",
    "icon": "samsara_01",
    "level": 6,
    "type": "101,",
    "value": 12,
    "coast": 600,
    "sort": 2
  },
  {
    "id": 2,
    "name": "重甲",
    "icon": "samsara_01",
    "level": 7,
    "type": "101,",
    "value": 14,
    "coast": 700,
    "sort": 2
  },
  {
    "id": 2,
    "name": "重甲",
    "icon": "samsara_01",
    "level": 8,
    "type": "101,",
    "value": 16,
    "coast": 800,
    "sort": 2
  },
  {
    "id": 2,
    "name": "重甲",
    "icon": "samsara_01",
    "level": 9,
    "type": "101,",
    "value": 18,
    "coast": 900,
    "sort": 2
  },
  {
    "id": 2,
    "name": "重甲",
    "icon": "samsara_01",
    "level": 10,
    "type": "101,",
    "value": 20,
    "coast": 1000,
    "sort": 2
  },
  {
    "id": 2,
    "name": "重甲",
    "icon": "samsara_01",
    "level": 11,
    "type": "101,",
    "value": 22,
    "coast": 1100,
    "sort": 2
  },
  {
    "id": 2,
    "name": "重甲",
    "icon": "samsara_01",
    "level": 12,
    "type": "101,",
    "value": 24,
    "coast": 1200,
    "sort": 2
  },
  {
    "id": 2,
    "name": "重甲",
    "icon": "samsara_01",
    "level": 13,
    "type": "101,",
    "value": 26,
    "coast": 1300,
    "sort": 2
  },
  {
    "id": 2,
    "name": "重甲",
    "icon": "samsara_01",
    "level": 14,
    "type": "101,",
    "value": 28,
    "coast": 1400,
    "sort": 2
  },
  {
    "id": 2,
    "name": "重甲",
    "icon": "samsara_01",
    "level": 15,
    "type": "101,",
    "value": 30,
    "coast": 1500,
    "sort": 2
  },
  {
    "id": 2,
    "name": "重甲",
    "icon": "samsara_01",
    "level": 16,
    "type": "101,",
    "value": 32,
    "coast": 1600,
    "sort": 2
  },
  {
    "id": 2,
    "name": "重甲",
    "icon": "samsara_01",
    "level": 17,
    "type": "101,",
    "value": 34,
    "coast": 1700,
    "sort": 2
  },
  {
    "id": 2,
    "name": "重甲",
    "icon": "samsara_01",
    "level": 18,
    "type": "101,",
    "value": 36,
    "coast": 1800,
    "sort": 2
  },
  {
    "id": 2,
    "name": "重甲",
    "icon": "samsara_01",
    "level": 19,
    "type": "101,",
    "value": 38,
    "coast": 1900,
    "sort": 2
  },
  {
    "id": 2,
    "name": "重甲",
    "icon": "samsara_01",
    "level": 20,
    "type": "101,",
    "value": 40,
    "coast": 2000,
    "sort": 2
  },
  {
    "id": 2,
    "name": "重甲",
    "icon": "samsara_01",
    "level": 21,
    "type": "101,",
    "value": 42,
    "coast": 2100,
    "sort": 2
  },
  {
    "id": 2,
    "name": "重甲",
    "icon": "samsara_01",
    "level": 22,
    "type": "101,",
    "value": 44,
    "coast": 2200,
    "sort": 2
  },
  {
    "id": 2,
    "name": "重甲",
    "icon": "samsara_01",
    "level": 23,
    "type": "101,",
    "value": 46,
    "coast": 2300,
    "sort": 2
  },
  {
    "id": 2,
    "name": "重甲",
    "icon": "samsara_01",
    "level": 24,
    "type": "101,",
    "value": 48,
    "coast": 2400,
    "sort": 2
  },
  {
    "id": 2,
    "name": "重甲",
    "icon": "samsara_01",
    "level": 25,
    "type": "101,",
    "value": 50,
    "coast": 2500,
    "sort": 2
  },
  {
    "id": 2,
    "name": "重甲",
    "icon": "samsara_01",
    "level": 26,
    "type": "101,",
    "value": 52,
    "coast": 2600,
    "sort": 2
  },
  {
    "id": 2,
    "name": "重甲",
    "icon": "samsara_01",
    "level": 27,
    "type": "101,",
    "value": 54,
    "coast": 2700,
    "sort": 2
  },
  {
    "id": 2,
    "name": "重甲",
    "icon": "samsara_01",
    "level": 28,
    "type": "101,",
    "value": 56,
    "coast": 2800,
    "sort": 2
  },
  {
    "id": 2,
    "name": "重甲",
    "icon": "samsara_01",
    "level": 29,
    "type": "101,",
    "value": 58,
    "coast": 2900,
    "sort": 2
  },
  {
    "id": 2,
    "name": "重甲",
    "icon": "samsara_01",
    "level": 30,
    "type": "101,",
    "value": 60,
    "coast": 3000,
    "sort": 2
  },
  {
    "id": 2,
    "name": "重甲",
    "icon": "samsara_01",
    "level": 31,
    "type": "101,",
    "value": 62,
    "coast": 3100,
    "sort": 2
  },
  {
    "id": 2,
    "name": "重甲",
    "icon": "samsara_01",
    "level": 32,
    "type": "101,",
    "value": 64,
    "coast": 3200,
    "sort": 2
  },
  {
    "id": 2,
    "name": "重甲",
    "icon": "samsara_01",
    "level": 33,
    "type": "101,",
    "value": 66,
    "coast": 3300,
    "sort": 2
  },
  {
    "id": 2,
    "name": "重甲",
    "icon": "samsara_01",
    "level": 34,
    "type": "101,",
    "value": 68,
    "coast": 3400,
    "sort": 2
  },
  {
    "id": 2,
    "name": "重甲",
    "icon": "samsara_01",
    "level": 35,
    "type": "101,",
    "value": 70,
    "coast": 3500,
    "sort": 2
  },
  {
    "id": 2,
    "name": "重甲",
    "icon": "samsara_01",
    "level": 36,
    "type": "101,",
    "value": 72,
    "coast": 3600,
    "sort": 2
  },
  {
    "id": 2,
    "name": "重甲",
    "icon": "samsara_01",
    "level": 37,
    "type": "101,",
    "value": 74,
    "coast": 3700,
    "sort": 2
  },
  {
    "id": 2,
    "name": "重甲",
    "icon": "samsara_01",
    "level": 38,
    "type": "101,",
    "value": 76,
    "coast": 3800,
    "sort": 2
  },
  {
    "id": 2,
    "name": "重甲",
    "icon": "samsara_01",
    "level": 39,
    "type": "101,",
    "value": 78,
    "coast": 3900,
    "sort": 2
  },
  {
    "id": 2,
    "name": "重甲",
    "icon": "samsara_01",
    "level": 40,
    "type": "101,",
    "value": 80,
    "coast": 4000,
    "sort": 2
  },
  {
    "id": 2,
    "name": "重甲",
    "icon": "samsara_01",
    "level": 41,
    "type": "101,",
    "value": 82,
    "coast": 4100,
    "sort": 2
  },
  {
    "id": 2,
    "name": "重甲",
    "icon": "samsara_01",
    "level": 42,
    "type": "101,",
    "value": 84,
    "coast": 4200,
    "sort": 2
  },
  {
    "id": 2,
    "name": "重甲",
    "icon": "samsara_01",
    "level": 43,
    "type": "101,",
    "value": 86,
    "coast": 4300,
    "sort": 2
  },
  {
    "id": 2,
    "name": "重甲",
    "icon": "samsara_01",
    "level": 44,
    "type": "101,",
    "value": 88,
    "coast": 4400,
    "sort": 2
  },
  {
    "id": 2,
    "name": "重甲",
    "icon": "samsara_01",
    "level": 45,
    "type": "101,",
    "value": 90,
    "coast": 4500,
    "sort": 2
  },
  {
    "id": 2,
    "name": "重甲",
    "icon": "samsara_01",
    "level": 46,
    "type": "101,",
    "value": 92,
    "coast": 4600,
    "sort": 2
  },
  {
    "id": 2,
    "name": "重甲",
    "icon": "samsara_01",
    "level": 47,
    "type": "101,",
    "value": 94,
    "coast": 4700,
    "sort": 2
  },
  {
    "id": 2,
    "name": "重甲",
    "icon": "samsara_01",
    "level": 48,
    "type": "101,",
    "value": 96,
    "coast": 4800,
    "sort": 2
  },
  {
    "id": 2,
    "name": "重甲",
    "icon": "samsara_01",
    "level": 49,
    "type": "101,",
    "value": 98,
    "coast": 4900,
    "sort": 2
  },
  {
    "id": 2,
    "name": "重甲",
    "icon": "samsara_01",
    "level": 50,
    "type": "101,",
    "value": 100,
    "coast": 5000,
    "sort": 2
  },
  {
    "id": 3,
    "name": "强体",
    "icon": "samsara_01",
    "level": 1,
    "type": "102,",
    "value": 20,
    "coast": 100,
    "sort": 3
  },
  {
    "id": 3,
    "name": "强体",
    "icon": "samsara_01",
    "level": 2,
    "type": "102,",
    "value": 40,
    "coast": 200,
    "sort": 3
  },
  {
    "id": 3,
    "name": "强体",
    "icon": "samsara_01",
    "level": 3,
    "type": "102,",
    "value": 60,
    "coast": 300,
    "sort": 3
  },
  {
    "id": 3,
    "name": "强体",
    "icon": "samsara_01",
    "level": 4,
    "type": "102,",
    "value": 80,
    "coast": 400,
    "sort": 3
  },
  {
    "id": 3,
    "name": "强体",
    "icon": "samsara_01",
    "level": 5,
    "type": "102,",
    "value": 100,
    "coast": 500,
    "sort": 3
  },
  {
    "id": 3,
    "name": "强体",
    "icon": "samsara_01",
    "level": 6,
    "type": "102,",
    "value": 120,
    "coast": 600,
    "sort": 3
  },
  {
    "id": 3,
    "name": "强体",
    "icon": "samsara_01",
    "level": 7,
    "type": "102,",
    "value": 140,
    "coast": 700,
    "sort": 3
  },
  {
    "id": 3,
    "name": "强体",
    "icon": "samsara_01",
    "level": 8,
    "type": "102,",
    "value": 160,
    "coast": 800,
    "sort": 3
  },
  {
    "id": 3,
    "name": "强体",
    "icon": "samsara_01",
    "level": 9,
    "type": "102,",
    "value": 180,
    "coast": 900,
    "sort": 3
  },
  {
    "id": 3,
    "name": "强体",
    "icon": "samsara_01",
    "level": 10,
    "type": "102,",
    "value": 200,
    "coast": 1000,
    "sort": 3
  },
  {
    "id": 3,
    "name": "强体",
    "icon": "samsara_01",
    "level": 11,
    "type": "102,",
    "value": 220,
    "coast": 1100,
    "sort": 3
  },
  {
    "id": 3,
    "name": "强体",
    "icon": "samsara_01",
    "level": 12,
    "type": "102,",
    "value": 240,
    "coast": 1200,
    "sort": 3
  },
  {
    "id": 3,
    "name": "强体",
    "icon": "samsara_01",
    "level": 13,
    "type": "102,",
    "value": 260,
    "coast": 1300,
    "sort": 3
  },
  {
    "id": 3,
    "name": "强体",
    "icon": "samsara_01",
    "level": 14,
    "type": "102,",
    "value": 280,
    "coast": 1400,
    "sort": 3
  },
  {
    "id": 3,
    "name": "强体",
    "icon": "samsara_01",
    "level": 15,
    "type": "102,",
    "value": 300,
    "coast": 1500,
    "sort": 3
  },
  {
    "id": 3,
    "name": "强体",
    "icon": "samsara_01",
    "level": 16,
    "type": "102,",
    "value": 320,
    "coast": 1600,
    "sort": 3
  },
  {
    "id": 3,
    "name": "强体",
    "icon": "samsara_01",
    "level": 17,
    "type": "102,",
    "value": 340,
    "coast": 1700,
    "sort": 3
  },
  {
    "id": 3,
    "name": "强体",
    "icon": "samsara_01",
    "level": 18,
    "type": "102,",
    "value": 360,
    "coast": 1800,
    "sort": 3
  },
  {
    "id": 3,
    "name": "强体",
    "icon": "samsara_01",
    "level": 19,
    "type": "102,",
    "value": 380,
    "coast": 1900,
    "sort": 3
  },
  {
    "id": 3,
    "name": "强体",
    "icon": "samsara_01",
    "level": 20,
    "type": "102,",
    "value": 400,
    "coast": 2000,
    "sort": 3
  },
  {
    "id": 3,
    "name": "强体",
    "icon": "samsara_01",
    "level": 21,
    "type": "102,",
    "value": 420,
    "coast": 2100,
    "sort": 3
  },
  {
    "id": 3,
    "name": "强体",
    "icon": "samsara_01",
    "level": 22,
    "type": "102,",
    "value": 440,
    "coast": 2200,
    "sort": 3
  },
  {
    "id": 3,
    "name": "强体",
    "icon": "samsara_01",
    "level": 23,
    "type": "102,",
    "value": 460,
    "coast": 2300,
    "sort": 3
  },
  {
    "id": 3,
    "name": "强体",
    "icon": "samsara_01",
    "level": 24,
    "type": "102,",
    "value": 480,
    "coast": 2400,
    "sort": 3
  },
  {
    "id": 3,
    "name": "强体",
    "icon": "samsara_01",
    "level": 25,
    "type": "102,",
    "value": 500,
    "coast": 2500,
    "sort": 3
  },
  {
    "id": 3,
    "name": "强体",
    "icon": "samsara_01",
    "level": 26,
    "type": "102,",
    "value": 520,
    "coast": 2600,
    "sort": 3
  },
  {
    "id": 3,
    "name": "强体",
    "icon": "samsara_01",
    "level": 27,
    "type": "102,",
    "value": 540,
    "coast": 2700,
    "sort": 3
  },
  {
    "id": 3,
    "name": "强体",
    "icon": "samsara_01",
    "level": 28,
    "type": "102,",
    "value": 560,
    "coast": 2800,
    "sort": 3
  },
  {
    "id": 3,
    "name": "强体",
    "icon": "samsara_01",
    "level": 29,
    "type": "102,",
    "value": 580,
    "coast": 2900,
    "sort": 3
  },
  {
    "id": 3,
    "name": "强体",
    "icon": "samsara_01",
    "level": 30,
    "type": "102,",
    "value": 600,
    "coast": 3000,
    "sort": 3
  },
  {
    "id": 3,
    "name": "强体",
    "icon": "samsara_01",
    "level": 31,
    "type": "102,",
    "value": 620,
    "coast": 3100,
    "sort": 3
  },
  {
    "id": 3,
    "name": "强体",
    "icon": "samsara_01",
    "level": 32,
    "type": "102,",
    "value": 640,
    "coast": 3200,
    "sort": 3
  },
  {
    "id": 3,
    "name": "强体",
    "icon": "samsara_01",
    "level": 33,
    "type": "102,",
    "value": 660,
    "coast": 3300,
    "sort": 3
  },
  {
    "id": 3,
    "name": "强体",
    "icon": "samsara_01",
    "level": 34,
    "type": "102,",
    "value": 680,
    "coast": 3400,
    "sort": 3
  },
  {
    "id": 3,
    "name": "强体",
    "icon": "samsara_01",
    "level": 35,
    "type": "102,",
    "value": 700,
    "coast": 3500,
    "sort": 3
  },
  {
    "id": 3,
    "name": "强体",
    "icon": "samsara_01",
    "level": 36,
    "type": "102,",
    "value": 720,
    "coast": 3600,
    "sort": 3
  },
  {
    "id": 3,
    "name": "强体",
    "icon": "samsara_01",
    "level": 37,
    "type": "102,",
    "value": 740,
    "coast": 3700,
    "sort": 3
  },
  {
    "id": 3,
    "name": "强体",
    "icon": "samsara_01",
    "level": 38,
    "type": "102,",
    "value": 760,
    "coast": 3800,
    "sort": 3
  },
  {
    "id": 3,
    "name": "强体",
    "icon": "samsara_01",
    "level": 39,
    "type": "102,",
    "value": 780,
    "coast": 3900,
    "sort": 3
  },
  {
    "id": 3,
    "name": "强体",
    "icon": "samsara_01",
    "level": 40,
    "type": "102,",
    "value": 800,
    "coast": 4000,
    "sort": 3
  },
  {
    "id": 3,
    "name": "强体",
    "icon": "samsara_01",
    "level": 41,
    "type": "102,",
    "value": 820,
    "coast": 4100,
    "sort": 3
  },
  {
    "id": 3,
    "name": "强体",
    "icon": "samsara_01",
    "level": 42,
    "type": "102,",
    "value": 840,
    "coast": 4200,
    "sort": 3
  },
  {
    "id": 3,
    "name": "强体",
    "icon": "samsara_01",
    "level": 43,
    "type": "102,",
    "value": 860,
    "coast": 4300,
    "sort": 3
  },
  {
    "id": 3,
    "name": "强体",
    "icon": "samsara_01",
    "level": 44,
    "type": "102,",
    "value": 880,
    "coast": 4400,
    "sort": 3
  },
  {
    "id": 3,
    "name": "强体",
    "icon": "samsara_01",
    "level": 45,
    "type": "102,",
    "value": 900,
    "coast": 4500,
    "sort": 3
  },
  {
    "id": 3,
    "name": "强体",
    "icon": "samsara_01",
    "level": 46,
    "type": "102,",
    "value": 920,
    "coast": 4600,
    "sort": 3
  },
  {
    "id": 3,
    "name": "强体",
    "icon": "samsara_01",
    "level": 47,
    "type": "102,",
    "value": 940,
    "coast": 4700,
    "sort": 3
  },
  {
    "id": 3,
    "name": "强体",
    "icon": "samsara_01",
    "level": 48,
    "type": "102,",
    "value": 960,
    "coast": 4800,
    "sort": 3
  },
  {
    "id": 3,
    "name": "强体",
    "icon": "samsara_01",
    "level": 49,
    "type": "102,",
    "value": 980,
    "coast": 4900,
    "sort": 3
  },
  {
    "id": 3,
    "name": "强体",
    "icon": "samsara_01",
    "level": 50,
    "type": "102,",
    "value": 1000,
    "coast": 5000,
    "sort": 3
  },
  {
    "id": 4,
    "name": "会心",
    "icon": "samsara_01",
    "level": 1,
    "type": "112,",
    "value": 20,
    "coast": 100,
    "sort": 4
  },
  {
    "id": 4,
    "name": "会心",
    "icon": "samsara_01",
    "level": 2,
    "type": "112,",
    "value": 40,
    "coast": 200,
    "sort": 4
  },
  {
    "id": 4,
    "name": "会心",
    "icon": "samsara_01",
    "level": 3,
    "type": "112,",
    "value": 60,
    "coast": 300,
    "sort": 4
  },
  {
    "id": 4,
    "name": "会心",
    "icon": "samsara_01",
    "level": 4,
    "type": "112,",
    "value": 80,
    "coast": 400,
    "sort": 4
  },
  {
    "id": 4,
    "name": "会心",
    "icon": "samsara_01",
    "level": 5,
    "type": "112,",
    "value": 100,
    "coast": 500,
    "sort": 4
  },
  {
    "id": 4,
    "name": "会心",
    "icon": "samsara_01",
    "level": 6,
    "type": "112,",
    "value": 120,
    "coast": 600,
    "sort": 4
  },
  {
    "id": 4,
    "name": "会心",
    "icon": "samsara_01",
    "level": 7,
    "type": "112,",
    "value": 140,
    "coast": 700,
    "sort": 4
  },
  {
    "id": 4,
    "name": "会心",
    "icon": "samsara_01",
    "level": 8,
    "type": "112,",
    "value": 160,
    "coast": 800,
    "sort": 4
  },
  {
    "id": 4,
    "name": "会心",
    "icon": "samsara_01",
    "level": 9,
    "type": "112,",
    "value": 180,
    "coast": 900,
    "sort": 4
  },
  {
    "id": 4,
    "name": "会心",
    "icon": "samsara_01",
    "level": 10,
    "type": "112,",
    "value": 200,
    "coast": 1000,
    "sort": 4
  },
  {
    "id": 4,
    "name": "会心",
    "icon": "samsara_01",
    "level": 11,
    "type": "112,",
    "value": 220,
    "coast": 1100,
    "sort": 4
  },
  {
    "id": 4,
    "name": "会心",
    "icon": "samsara_01",
    "level": 12,
    "type": "112,",
    "value": 240,
    "coast": 1200,
    "sort": 4
  },
  {
    "id": 4,
    "name": "会心",
    "icon": "samsara_01",
    "level": 13,
    "type": "112,",
    "value": 260,
    "coast": 1300,
    "sort": 4
  },
  {
    "id": 4,
    "name": "会心",
    "icon": "samsara_01",
    "level": 14,
    "type": "112,",
    "value": 280,
    "coast": 1400,
    "sort": 4
  },
  {
    "id": 4,
    "name": "会心",
    "icon": "samsara_01",
    "level": 15,
    "type": "112,",
    "value": 300,
    "coast": 1500,
    "sort": 4
  },
  {
    "id": 4,
    "name": "会心",
    "icon": "samsara_01",
    "level": 16,
    "type": "112,",
    "value": 320,
    "coast": 1600,
    "sort": 4
  },
  {
    "id": 4,
    "name": "会心",
    "icon": "samsara_01",
    "level": 17,
    "type": "112,",
    "value": 340,
    "coast": 1700,
    "sort": 4
  },
  {
    "id": 4,
    "name": "会心",
    "icon": "samsara_01",
    "level": 18,
    "type": "112,",
    "value": 360,
    "coast": 1800,
    "sort": 4
  },
  {
    "id": 4,
    "name": "会心",
    "icon": "samsara_01",
    "level": 19,
    "type": "112,",
    "value": 380,
    "coast": 1900,
    "sort": 4
  },
  {
    "id": 4,
    "name": "会心",
    "icon": "samsara_01",
    "level": 20,
    "type": "112,",
    "value": 400,
    "coast": 2000,
    "sort": 4
  },
  {
    "id": 4,
    "name": "会心",
    "icon": "samsara_01",
    "level": 21,
    "type": "112,",
    "value": 420,
    "coast": 2100,
    "sort": 4
  },
  {
    "id": 4,
    "name": "会心",
    "icon": "samsara_01",
    "level": 22,
    "type": "112,",
    "value": 440,
    "coast": 2200,
    "sort": 4
  },
  {
    "id": 4,
    "name": "会心",
    "icon": "samsara_01",
    "level": 23,
    "type": "112,",
    "value": 460,
    "coast": 2300,
    "sort": 4
  },
  {
    "id": 4,
    "name": "会心",
    "icon": "samsara_01",
    "level": 24,
    "type": "112,",
    "value": 480,
    "coast": 2400,
    "sort": 4
  },
  {
    "id": 4,
    "name": "会心",
    "icon": "samsara_01",
    "level": 25,
    "type": "112,",
    "value": 500,
    "coast": 2500,
    "sort": 4
  },
  {
    "id": 4,
    "name": "会心",
    "icon": "samsara_01",
    "level": 26,
    "type": "112,",
    "value": 520,
    "coast": 2600,
    "sort": 4
  },
  {
    "id": 4,
    "name": "会心",
    "icon": "samsara_01",
    "level": 27,
    "type": "112,",
    "value": 540,
    "coast": 2700,
    "sort": 4
  },
  {
    "id": 4,
    "name": "会心",
    "icon": "samsara_01",
    "level": 28,
    "type": "112,",
    "value": 560,
    "coast": 2800,
    "sort": 4
  },
  {
    "id": 4,
    "name": "会心",
    "icon": "samsara_01",
    "level": 29,
    "type": "112,",
    "value": 580,
    "coast": 2900,
    "sort": 4
  },
  {
    "id": 4,
    "name": "会心",
    "icon": "samsara_01",
    "level": 30,
    "type": "112,",
    "value": 600,
    "coast": 3000,
    "sort": 4
  },
  {
    "id": 4,
    "name": "会心",
    "icon": "samsara_01",
    "level": 31,
    "type": "112,",
    "value": 620,
    "coast": 3100,
    "sort": 4
  },
  {
    "id": 4,
    "name": "会心",
    "icon": "samsara_01",
    "level": 32,
    "type": "112,",
    "value": 640,
    "coast": 3200,
    "sort": 4
  },
  {
    "id": 4,
    "name": "会心",
    "icon": "samsara_01",
    "level": 33,
    "type": "112,",
    "value": 660,
    "coast": 3300,
    "sort": 4
  },
  {
    "id": 4,
    "name": "会心",
    "icon": "samsara_01",
    "level": 34,
    "type": "112,",
    "value": 680,
    "coast": 3400,
    "sort": 4
  },
  {
    "id": 4,
    "name": "会心",
    "icon": "samsara_01",
    "level": 35,
    "type": "112,",
    "value": 700,
    "coast": 3500,
    "sort": 4
  },
  {
    "id": 4,
    "name": "会心",
    "icon": "samsara_01",
    "level": 36,
    "type": "112,",
    "value": 720,
    "coast": 3600,
    "sort": 4
  },
  {
    "id": 4,
    "name": "会心",
    "icon": "samsara_01",
    "level": 37,
    "type": "112,",
    "value": 740,
    "coast": 3700,
    "sort": 4
  },
  {
    "id": 4,
    "name": "会心",
    "icon": "samsara_01",
    "level": 38,
    "type": "112,",
    "value": 760,
    "coast": 3800,
    "sort": 4
  },
  {
    "id": 4,
    "name": "会心",
    "icon": "samsara_01",
    "level": 39,
    "type": "112,",
    "value": 780,
    "coast": 3900,
    "sort": 4
  },
  {
    "id": 4,
    "name": "会心",
    "icon": "samsara_01",
    "level": 40,
    "type": "112,",
    "value": 800,
    "coast": 4000,
    "sort": 4
  },
  {
    "id": 4,
    "name": "会心",
    "icon": "samsara_01",
    "level": 41,
    "type": "112,",
    "value": 820,
    "coast": 4100,
    "sort": 4
  },
  {
    "id": 4,
    "name": "会心",
    "icon": "samsara_01",
    "level": 42,
    "type": "112,",
    "value": 840,
    "coast": 4200,
    "sort": 4
  },
  {
    "id": 4,
    "name": "会心",
    "icon": "samsara_01",
    "level": 43,
    "type": "112,",
    "value": 860,
    "coast": 4300,
    "sort": 4
  },
  {
    "id": 4,
    "name": "会心",
    "icon": "samsara_01",
    "level": 44,
    "type": "112,",
    "value": 880,
    "coast": 4400,
    "sort": 4
  },
  {
    "id": 4,
    "name": "会心",
    "icon": "samsara_01",
    "level": 45,
    "type": "112,",
    "value": 900,
    "coast": 4500,
    "sort": 4
  },
  {
    "id": 4,
    "name": "会心",
    "icon": "samsara_01",
    "level": 46,
    "type": "112,",
    "value": 920,
    "coast": 4600,
    "sort": 4
  },
  {
    "id": 4,
    "name": "会心",
    "icon": "samsara_01",
    "level": 47,
    "type": "112,",
    "value": 940,
    "coast": 4700,
    "sort": 4
  },
  {
    "id": 4,
    "name": "会心",
    "icon": "samsara_01",
    "level": 48,
    "type": "112,",
    "value": 960,
    "coast": 4800,
    "sort": 4
  },
  {
    "id": 4,
    "name": "会心",
    "icon": "samsara_01",
    "level": 49,
    "type": "112,",
    "value": 980,
    "coast": 4900,
    "sort": 4
  },
  {
    "id": 4,
    "name": "会心",
    "icon": "samsara_01",
    "level": 50,
    "type": "112,",
    "value": 1000,
    "coast": 5000,
    "sort": 4
  },
  {
    "id": 5,
    "name": "识破",
    "icon": "samsara_01",
    "level": 1,
    "type": "113,",
    "value": 2,
    "coast": 100,
    "sort": 5
  },
  {
    "id": 5,
    "name": "识破",
    "icon": "samsara_01",
    "level": 2,
    "type": "113,",
    "value": 4,
    "coast": 200,
    "sort": 5
  },
  {
    "id": 5,
    "name": "识破",
    "icon": "samsara_01",
    "level": 3,
    "type": "113,",
    "value": 6,
    "coast": 300,
    "sort": 5
  },
  {
    "id": 5,
    "name": "识破",
    "icon": "samsara_01",
    "level": 4,
    "type": "113,",
    "value": 8,
    "coast": 400,
    "sort": 5
  },
  {
    "id": 5,
    "name": "识破",
    "icon": "samsara_01",
    "level": 5,
    "type": "113,",
    "value": 10,
    "coast": 500,
    "sort": 5
  },
  {
    "id": 5,
    "name": "识破",
    "icon": "samsara_01",
    "level": 6,
    "type": "113,",
    "value": 12,
    "coast": 600,
    "sort": 5
  },
  {
    "id": 5,
    "name": "识破",
    "icon": "samsara_01",
    "level": 7,
    "type": "113,",
    "value": 14,
    "coast": 700,
    "sort": 5
  },
  {
    "id": 5,
    "name": "识破",
    "icon": "samsara_01",
    "level": 8,
    "type": "113,",
    "value": 16,
    "coast": 800,
    "sort": 5
  },
  {
    "id": 5,
    "name": "识破",
    "icon": "samsara_01",
    "level": 9,
    "type": "113,",
    "value": 18,
    "coast": 900,
    "sort": 5
  },
  {
    "id": 5,
    "name": "识破",
    "icon": "samsara_01",
    "level": 10,
    "type": "113,",
    "value": 20,
    "coast": 1000,
    "sort": 5
  },
  {
    "id": 5,
    "name": "识破",
    "icon": "samsara_01",
    "level": 11,
    "type": "113,",
    "value": 22,
    "coast": 1100,
    "sort": 5
  },
  {
    "id": 5,
    "name": "识破",
    "icon": "samsara_01",
    "level": 12,
    "type": "113,",
    "value": 24,
    "coast": 1200,
    "sort": 5
  },
  {
    "id": 5,
    "name": "识破",
    "icon": "samsara_01",
    "level": 13,
    "type": "113,",
    "value": 26,
    "coast": 1300,
    "sort": 5
  },
  {
    "id": 5,
    "name": "识破",
    "icon": "samsara_01",
    "level": 14,
    "type": "113,",
    "value": 28,
    "coast": 1400,
    "sort": 5
  },
  {
    "id": 5,
    "name": "识破",
    "icon": "samsara_01",
    "level": 15,
    "type": "113,",
    "value": 30,
    "coast": 1500,
    "sort": 5
  },
  {
    "id": 5,
    "name": "识破",
    "icon": "samsara_01",
    "level": 16,
    "type": "113,",
    "value": 32,
    "coast": 1600,
    "sort": 5
  },
  {
    "id": 5,
    "name": "识破",
    "icon": "samsara_01",
    "level": 17,
    "type": "113,",
    "value": 34,
    "coast": 1700,
    "sort": 5
  },
  {
    "id": 5,
    "name": "识破",
    "icon": "samsara_01",
    "level": 18,
    "type": "113,",
    "value": 36,
    "coast": 1800,
    "sort": 5
  },
  {
    "id": 5,
    "name": "识破",
    "icon": "samsara_01",
    "level": 19,
    "type": "113,",
    "value": 38,
    "coast": 1900,
    "sort": 5
  },
  {
    "id": 5,
    "name": "识破",
    "icon": "samsara_01",
    "level": 20,
    "type": "113,",
    "value": 40,
    "coast": 2000,
    "sort": 5
  },
  {
    "id": 5,
    "name": "识破",
    "icon": "samsara_01",
    "level": 21,
    "type": "113,",
    "value": 42,
    "coast": 2100,
    "sort": 5
  },
  {
    "id": 5,
    "name": "识破",
    "icon": "samsara_01",
    "level": 22,
    "type": "113,",
    "value": 44,
    "coast": 2200,
    "sort": 5
  },
  {
    "id": 5,
    "name": "识破",
    "icon": "samsara_01",
    "level": 23,
    "type": "113,",
    "value": 46,
    "coast": 2300,
    "sort": 5
  },
  {
    "id": 5,
    "name": "识破",
    "icon": "samsara_01",
    "level": 24,
    "type": "113,",
    "value": 48,
    "coast": 2400,
    "sort": 5
  },
  {
    "id": 5,
    "name": "识破",
    "icon": "samsara_01",
    "level": 25,
    "type": "113,",
    "value": 50,
    "coast": 2500,
    "sort": 5
  },
  {
    "id": 5,
    "name": "识破",
    "icon": "samsara_01",
    "level": 26,
    "type": "113,",
    "value": 52,
    "coast": 2600,
    "sort": 5
  },
  {
    "id": 5,
    "name": "识破",
    "icon": "samsara_01",
    "level": 27,
    "type": "113,",
    "value": 54,
    "coast": 2700,
    "sort": 5
  },
  {
    "id": 5,
    "name": "识破",
    "icon": "samsara_01",
    "level": 28,
    "type": "113,",
    "value": 56,
    "coast": 2800,
    "sort": 5
  },
  {
    "id": 5,
    "name": "识破",
    "icon": "samsara_01",
    "level": 29,
    "type": "113,",
    "value": 58,
    "coast": 2900,
    "sort": 5
  },
  {
    "id": 5,
    "name": "识破",
    "icon": "samsara_01",
    "level": 30,
    "type": "113,",
    "value": 60,
    "coast": 3000,
    "sort": 5
  },
  {
    "id": 5,
    "name": "识破",
    "icon": "samsara_01",
    "level": 31,
    "type": "113,",
    "value": 62,
    "coast": 3100,
    "sort": 5
  },
  {
    "id": 5,
    "name": "识破",
    "icon": "samsara_01",
    "level": 32,
    "type": "113,",
    "value": 64,
    "coast": 3200,
    "sort": 5
  },
  {
    "id": 5,
    "name": "识破",
    "icon": "samsara_01",
    "level": 33,
    "type": "113,",
    "value": 66,
    "coast": 3300,
    "sort": 5
  },
  {
    "id": 5,
    "name": "识破",
    "icon": "samsara_01",
    "level": 34,
    "type": "113,",
    "value": 68,
    "coast": 3400,
    "sort": 5
  },
  {
    "id": 5,
    "name": "识破",
    "icon": "samsara_01",
    "level": 35,
    "type": "113,",
    "value": 70,
    "coast": 3500,
    "sort": 5
  },
  {
    "id": 5,
    "name": "识破",
    "icon": "samsara_01",
    "level": 36,
    "type": "113,",
    "value": 72,
    "coast": 3600,
    "sort": 5
  },
  {
    "id": 5,
    "name": "识破",
    "icon": "samsara_01",
    "level": 37,
    "type": "113,",
    "value": 74,
    "coast": 3700,
    "sort": 5
  },
  {
    "id": 5,
    "name": "识破",
    "icon": "samsara_01",
    "level": 38,
    "type": "113,",
    "value": 76,
    "coast": 3800,
    "sort": 5
  },
  {
    "id": 5,
    "name": "识破",
    "icon": "samsara_01",
    "level": 39,
    "type": "113,",
    "value": 78,
    "coast": 3900,
    "sort": 5
  },
  {
    "id": 5,
    "name": "识破",
    "icon": "samsara_01",
    "level": 40,
    "type": "113,",
    "value": 80,
    "coast": 4000,
    "sort": 5
  },
  {
    "id": 5,
    "name": "识破",
    "icon": "samsara_01",
    "level": 41,
    "type": "113,",
    "value": 82,
    "coast": 4100,
    "sort": 5
  },
  {
    "id": 5,
    "name": "识破",
    "icon": "samsara_01",
    "level": 42,
    "type": "113,",
    "value": 84,
    "coast": 4200,
    "sort": 5
  },
  {
    "id": 5,
    "name": "识破",
    "icon": "samsara_01",
    "level": 43,
    "type": "113,",
    "value": 86,
    "coast": 4300,
    "sort": 5
  },
  {
    "id": 5,
    "name": "识破",
    "icon": "samsara_01",
    "level": 44,
    "type": "113,",
    "value": 88,
    "coast": 4400,
    "sort": 5
  },
  {
    "id": 5,
    "name": "识破",
    "icon": "samsara_01",
    "level": 45,
    "type": "113,",
    "value": 90,
    "coast": 4500,
    "sort": 5
  },
  {
    "id": 5,
    "name": "识破",
    "icon": "samsara_01",
    "level": 46,
    "type": "113,",
    "value": 92,
    "coast": 4600,
    "sort": 5
  },
  {
    "id": 5,
    "name": "识破",
    "icon": "samsara_01",
    "level": 47,
    "type": "113,",
    "value": 94,
    "coast": 4700,
    "sort": 5
  },
  {
    "id": 5,
    "name": "识破",
    "icon": "samsara_01",
    "level": 48,
    "type": "113,",
    "value": 96,
    "coast": 4800,
    "sort": 5
  },
  {
    "id": 5,
    "name": "识破",
    "icon": "samsara_01",
    "level": 49,
    "type": "113,",
    "value": 98,
    "coast": 4900,
    "sort": 5
  },
  {
    "id": 5,
    "name": "识破",
    "icon": "samsara_01",
    "level": 50,
    "type": "113,",
    "value": 100,
    "coast": 5000,
    "sort": 5
  },
  {
    "id": 6,
    "name": "迅捷",
    "icon": "samsara_01",
    "level": 1,
    "type": "114,",
    "value": 50,
    "coast": 100,
    "sort": 6
  },
  {
    "id": 6,
    "name": "迅捷",
    "icon": "samsara_01",
    "level": 2,
    "type": "114,",
    "value": 100,
    "coast": 200,
    "sort": 6
  },
  {
    "id": 6,
    "name": "迅捷",
    "icon": "samsara_01",
    "level": 3,
    "type": "114,",
    "value": 150,
    "coast": 300,
    "sort": 6
  },
  {
    "id": 6,
    "name": "迅捷",
    "icon": "samsara_01",
    "level": 4,
    "type": "114,",
    "value": 200,
    "coast": 400,
    "sort": 6
  },
  {
    "id": 6,
    "name": "迅捷",
    "icon": "samsara_01",
    "level": 5,
    "type": "114,",
    "value": 250,
    "coast": 500,
    "sort": 6
  },
  {
    "id": 6,
    "name": "迅捷",
    "icon": "samsara_01",
    "level": 6,
    "type": "114,",
    "value": 300,
    "coast": 600,
    "sort": 6
  },
  {
    "id": 6,
    "name": "迅捷",
    "icon": "samsara_01",
    "level": 7,
    "type": "114,",
    "value": 350,
    "coast": 700,
    "sort": 6
  },
  {
    "id": 6,
    "name": "迅捷",
    "icon": "samsara_01",
    "level": 8,
    "type": "114,",
    "value": 400,
    "coast": 800,
    "sort": 6
  },
  {
    "id": 6,
    "name": "迅捷",
    "icon": "samsara_01",
    "level": 9,
    "type": "114,",
    "value": 450,
    "coast": 900,
    "sort": 6
  },
  {
    "id": 6,
    "name": "迅捷",
    "icon": "samsara_01",
    "level": 10,
    "type": "114,",
    "value": 500,
    "coast": 1000,
    "sort": 6
  },
  {
    "id": 6,
    "name": "迅捷",
    "icon": "samsara_01",
    "level": 11,
    "type": "114,",
    "value": 550,
    "coast": 1100,
    "sort": 6
  },
  {
    "id": 6,
    "name": "迅捷",
    "icon": "samsara_01",
    "level": 12,
    "type": "114,",
    "value": 600,
    "coast": 1200,
    "sort": 6
  },
  {
    "id": 6,
    "name": "迅捷",
    "icon": "samsara_01",
    "level": 13,
    "type": "114,",
    "value": 650,
    "coast": 1300,
    "sort": 6
  },
  {
    "id": 6,
    "name": "迅捷",
    "icon": "samsara_01",
    "level": 14,
    "type": "114,",
    "value": 700,
    "coast": 1400,
    "sort": 6
  },
  {
    "id": 6,
    "name": "迅捷",
    "icon": "samsara_01",
    "level": 15,
    "type": "114,",
    "value": 750,
    "coast": 1500,
    "sort": 6
  },
  {
    "id": 6,
    "name": "迅捷",
    "icon": "samsara_01",
    "level": 16,
    "type": "114,",
    "value": 800,
    "coast": 1600,
    "sort": 6
  },
  {
    "id": 6,
    "name": "迅捷",
    "icon": "samsara_01",
    "level": 17,
    "type": "114,",
    "value": 850,
    "coast": 1700,
    "sort": 6
  },
  {
    "id": 6,
    "name": "迅捷",
    "icon": "samsara_01",
    "level": 18,
    "type": "114,",
    "value": 900,
    "coast": 1800,
    "sort": 6
  },
  {
    "id": 6,
    "name": "迅捷",
    "icon": "samsara_01",
    "level": 19,
    "type": "114,",
    "value": 950,
    "coast": 1900,
    "sort": 6
  },
  {
    "id": 6,
    "name": "迅捷",
    "icon": "samsara_01",
    "level": 20,
    "type": "114,",
    "value": 1000,
    "coast": 2000,
    "sort": 6
  },
  {
    "id": 6,
    "name": "迅捷",
    "icon": "samsara_01",
    "level": 21,
    "type": "114,",
    "value": 1050,
    "coast": 2100,
    "sort": 6
  },
  {
    "id": 6,
    "name": "迅捷",
    "icon": "samsara_01",
    "level": 22,
    "type": "114,",
    "value": 1100,
    "coast": 2200,
    "sort": 6
  },
  {
    "id": 6,
    "name": "迅捷",
    "icon": "samsara_01",
    "level": 23,
    "type": "114,",
    "value": 1150,
    "coast": 2300,
    "sort": 6
  },
  {
    "id": 6,
    "name": "迅捷",
    "icon": "samsara_01",
    "level": 24,
    "type": "114,",
    "value": 1200,
    "coast": 2400,
    "sort": 6
  },
  {
    "id": 6,
    "name": "迅捷",
    "icon": "samsara_01",
    "level": 25,
    "type": "114,",
    "value": 1250,
    "coast": 2500,
    "sort": 6
  },
  {
    "id": 6,
    "name": "迅捷",
    "icon": "samsara_01",
    "level": 26,
    "type": "114,",
    "value": 1300,
    "coast": 2600,
    "sort": 6
  },
  {
    "id": 6,
    "name": "迅捷",
    "icon": "samsara_01",
    "level": 27,
    "type": "114,",
    "value": 1350,
    "coast": 2700,
    "sort": 6
  },
  {
    "id": 6,
    "name": "迅捷",
    "icon": "samsara_01",
    "level": 28,
    "type": "114,",
    "value": 1400,
    "coast": 2800,
    "sort": 6
  },
  {
    "id": 6,
    "name": "迅捷",
    "icon": "samsara_01",
    "level": 29,
    "type": "114,",
    "value": 1450,
    "coast": 2900,
    "sort": 6
  },
  {
    "id": 6,
    "name": "迅捷",
    "icon": "samsara_01",
    "level": 30,
    "type": "114,",
    "value": 1500,
    "coast": 3000,
    "sort": 6
  },
  {
    "id": 6,
    "name": "迅捷",
    "icon": "samsara_01",
    "level": 31,
    "type": "114,",
    "value": 1550,
    "coast": 3100,
    "sort": 6
  },
  {
    "id": 6,
    "name": "迅捷",
    "icon": "samsara_01",
    "level": 32,
    "type": "114,",
    "value": 1600,
    "coast": 3200,
    "sort": 6
  },
  {
    "id": 6,
    "name": "迅捷",
    "icon": "samsara_01",
    "level": 33,
    "type": "114,",
    "value": 1650,
    "coast": 3300,
    "sort": 6
  },
  {
    "id": 6,
    "name": "迅捷",
    "icon": "samsara_01",
    "level": 34,
    "type": "114,",
    "value": 1700,
    "coast": 3400,
    "sort": 6
  },
  {
    "id": 6,
    "name": "迅捷",
    "icon": "samsara_01",
    "level": 35,
    "type": "114,",
    "value": 1750,
    "coast": 3500,
    "sort": 6
  },
  {
    "id": 6,
    "name": "迅捷",
    "icon": "samsara_01",
    "level": 36,
    "type": "114,",
    "value": 1800,
    "coast": 3600,
    "sort": 6
  },
  {
    "id": 6,
    "name": "迅捷",
    "icon": "samsara_01",
    "level": 37,
    "type": "114,",
    "value": 1850,
    "coast": 3700,
    "sort": 6
  },
  {
    "id": 6,
    "name": "迅捷",
    "icon": "samsara_01",
    "level": 38,
    "type": "114,",
    "value": 1900,
    "coast": 3800,
    "sort": 6
  },
  {
    "id": 6,
    "name": "迅捷",
    "icon": "samsara_01",
    "level": 39,
    "type": "114,",
    "value": 1950,
    "coast": 3900,
    "sort": 6
  },
  {
    "id": 6,
    "name": "迅捷",
    "icon": "samsara_01",
    "level": 40,
    "type": "114,",
    "value": 2000,
    "coast": 4000,
    "sort": 6
  },
  {
    "id": 6,
    "name": "迅捷",
    "icon": "samsara_01",
    "level": 41,
    "type": "114,",
    "value": 2050,
    "coast": 4100,
    "sort": 6
  },
  {
    "id": 6,
    "name": "迅捷",
    "icon": "samsara_01",
    "level": 42,
    "type": "114,",
    "value": 2100,
    "coast": 4200,
    "sort": 6
  },
  {
    "id": 6,
    "name": "迅捷",
    "icon": "samsara_01",
    "level": 43,
    "type": "114,",
    "value": 2150,
    "coast": 4300,
    "sort": 6
  },
  {
    "id": 6,
    "name": "迅捷",
    "icon": "samsara_01",
    "level": 44,
    "type": "114,",
    "value": 2200,
    "coast": 4400,
    "sort": 6
  },
  {
    "id": 6,
    "name": "迅捷",
    "icon": "samsara_01",
    "level": 45,
    "type": "114,",
    "value": 2250,
    "coast": 4500,
    "sort": 6
  },
  {
    "id": 6,
    "name": "迅捷",
    "icon": "samsara_01",
    "level": 46,
    "type": "114,",
    "value": 2300,
    "coast": 4600,
    "sort": 6
  },
  {
    "id": 6,
    "name": "迅捷",
    "icon": "samsara_01",
    "level": 47,
    "type": "114,",
    "value": 2350,
    "coast": 4700,
    "sort": 6
  },
  {
    "id": 6,
    "name": "迅捷",
    "icon": "samsara_01",
    "level": 48,
    "type": "114,",
    "value": 2400,
    "coast": 4800,
    "sort": 6
  },
  {
    "id": 6,
    "name": "迅捷",
    "icon": "samsara_01",
    "level": 49,
    "type": "114,",
    "value": 2450,
    "coast": 4900,
    "sort": 6
  },
  {
    "id": 6,
    "name": "迅捷",
    "icon": "samsara_01",
    "level": 50,
    "type": "114,",
    "value": 2500,
    "coast": 5000,
    "sort": 6
  },
  {
    "id": 7,
    "name": "精准",
    "icon": "samsara_01",
    "level": 1,
    "type": "110,",
    "value": 10,
    "coast": 100,
    "sort": 7
  },
  {
    "id": 7,
    "name": "精准",
    "icon": "samsara_01",
    "level": 2,
    "type": "110,",
    "value": 20,
    "coast": 200,
    "sort": 7
  },
  {
    "id": 7,
    "name": "精准",
    "icon": "samsara_01",
    "level": 3,
    "type": "110,",
    "value": 30,
    "coast": 300,
    "sort": 7
  },
  {
    "id": 7,
    "name": "精准",
    "icon": "samsara_01",
    "level": 4,
    "type": "110,",
    "value": 40,
    "coast": 400,
    "sort": 7
  },
  {
    "id": 7,
    "name": "精准",
    "icon": "samsara_01",
    "level": 5,
    "type": "110,",
    "value": 50,
    "coast": 500,
    "sort": 7
  },
  {
    "id": 7,
    "name": "精准",
    "icon": "samsara_01",
    "level": 6,
    "type": "110,",
    "value": 60,
    "coast": 600,
    "sort": 7
  },
  {
    "id": 7,
    "name": "精准",
    "icon": "samsara_01",
    "level": 7,
    "type": "110,",
    "value": 70,
    "coast": 700,
    "sort": 7
  },
  {
    "id": 7,
    "name": "精准",
    "icon": "samsara_01",
    "level": 8,
    "type": "110,",
    "value": 80,
    "coast": 800,
    "sort": 7
  },
  {
    "id": 7,
    "name": "精准",
    "icon": "samsara_01",
    "level": 9,
    "type": "110,",
    "value": 90,
    "coast": 900,
    "sort": 7
  },
  {
    "id": 7,
    "name": "精准",
    "icon": "samsara_01",
    "level": 10,
    "type": "110,",
    "value": 100,
    "coast": 1000,
    "sort": 7
  },
  {
    "id": 7,
    "name": "精准",
    "icon": "samsara_01",
    "level": 11,
    "type": "110,",
    "value": 110,
    "coast": 1100,
    "sort": 7
  },
  {
    "id": 7,
    "name": "精准",
    "icon": "samsara_01",
    "level": 12,
    "type": "110,",
    "value": 120,
    "coast": 1200,
    "sort": 7
  },
  {
    "id": 7,
    "name": "精准",
    "icon": "samsara_01",
    "level": 13,
    "type": "110,",
    "value": 130,
    "coast": 1300,
    "sort": 7
  },
  {
    "id": 7,
    "name": "精准",
    "icon": "samsara_01",
    "level": 14,
    "type": "110,",
    "value": 140,
    "coast": 1400,
    "sort": 7
  },
  {
    "id": 7,
    "name": "精准",
    "icon": "samsara_01",
    "level": 15,
    "type": "110,",
    "value": 150,
    "coast": 1500,
    "sort": 7
  },
  {
    "id": 7,
    "name": "精准",
    "icon": "samsara_01",
    "level": 16,
    "type": "110,",
    "value": 160,
    "coast": 1600,
    "sort": 7
  },
  {
    "id": 7,
    "name": "精准",
    "icon": "samsara_01",
    "level": 17,
    "type": "110,",
    "value": 170,
    "coast": 1700,
    "sort": 7
  },
  {
    "id": 7,
    "name": "精准",
    "icon": "samsara_01",
    "level": 18,
    "type": "110,",
    "value": 180,
    "coast": 1800,
    "sort": 7
  },
  {
    "id": 7,
    "name": "精准",
    "icon": "samsara_01",
    "level": 19,
    "type": "110,",
    "value": 190,
    "coast": 1900,
    "sort": 7
  },
  {
    "id": 7,
    "name": "精准",
    "icon": "samsara_01",
    "level": 20,
    "type": "110,",
    "value": 200,
    "coast": 2000,
    "sort": 7
  },
  {
    "id": 7,
    "name": "精准",
    "icon": "samsara_01",
    "level": 21,
    "type": "110,",
    "value": 210,
    "coast": 2100,
    "sort": 7
  },
  {
    "id": 7,
    "name": "精准",
    "icon": "samsara_01",
    "level": 22,
    "type": "110,",
    "value": 220,
    "coast": 2200,
    "sort": 7
  },
  {
    "id": 7,
    "name": "精准",
    "icon": "samsara_01",
    "level": 23,
    "type": "110,",
    "value": 230,
    "coast": 2300,
    "sort": 7
  },
  {
    "id": 7,
    "name": "精准",
    "icon": "samsara_01",
    "level": 24,
    "type": "110,",
    "value": 240,
    "coast": 2400,
    "sort": 7
  },
  {
    "id": 7,
    "name": "精准",
    "icon": "samsara_01",
    "level": 25,
    "type": "110,",
    "value": 250,
    "coast": 2500,
    "sort": 7
  },
  {
    "id": 7,
    "name": "精准",
    "icon": "samsara_01",
    "level": 26,
    "type": "110,",
    "value": 260,
    "coast": 2600,
    "sort": 7
  },
  {
    "id": 7,
    "name": "精准",
    "icon": "samsara_01",
    "level": 27,
    "type": "110,",
    "value": 270,
    "coast": 2700,
    "sort": 7
  },
  {
    "id": 7,
    "name": "精准",
    "icon": "samsara_01",
    "level": 28,
    "type": "110,",
    "value": 280,
    "coast": 2800,
    "sort": 7
  },
  {
    "id": 7,
    "name": "精准",
    "icon": "samsara_01",
    "level": 29,
    "type": "110,",
    "value": 290,
    "coast": 2900,
    "sort": 7
  },
  {
    "id": 7,
    "name": "精准",
    "icon": "samsara_01",
    "level": 30,
    "type": "110,",
    "value": 300,
    "coast": 3000,
    "sort": 7
  },
  {
    "id": 7,
    "name": "精准",
    "icon": "samsara_01",
    "level": 31,
    "type": "110,",
    "value": 310,
    "coast": 3100,
    "sort": 7
  },
  {
    "id": 7,
    "name": "精准",
    "icon": "samsara_01",
    "level": 32,
    "type": "110,",
    "value": 320,
    "coast": 3200,
    "sort": 7
  },
  {
    "id": 7,
    "name": "精准",
    "icon": "samsara_01",
    "level": 33,
    "type": "110,",
    "value": 330,
    "coast": 3300,
    "sort": 7
  },
  {
    "id": 7,
    "name": "精准",
    "icon": "samsara_01",
    "level": 34,
    "type": "110,",
    "value": 340,
    "coast": 3400,
    "sort": 7
  },
  {
    "id": 7,
    "name": "精准",
    "icon": "samsara_01",
    "level": 35,
    "type": "110,",
    "value": 350,
    "coast": 3500,
    "sort": 7
  },
  {
    "id": 7,
    "name": "精准",
    "icon": "samsara_01",
    "level": 36,
    "type": "110,",
    "value": 360,
    "coast": 3600,
    "sort": 7
  },
  {
    "id": 7,
    "name": "精准",
    "icon": "samsara_01",
    "level": 37,
    "type": "110,",
    "value": 370,
    "coast": 3700,
    "sort": 7
  },
  {
    "id": 7,
    "name": "精准",
    "icon": "samsara_01",
    "level": 38,
    "type": "110,",
    "value": 380,
    "coast": 3800,
    "sort": 7
  },
  {
    "id": 7,
    "name": "精准",
    "icon": "samsara_01",
    "level": 39,
    "type": "110,",
    "value": 390,
    "coast": 3900,
    "sort": 7
  },
  {
    "id": 7,
    "name": "精准",
    "icon": "samsara_01",
    "level": 40,
    "type": "110,",
    "value": 400,
    "coast": 4000,
    "sort": 7
  },
  {
    "id": 7,
    "name": "精准",
    "icon": "samsara_01",
    "level": 41,
    "type": "110,",
    "value": 410,
    "coast": 4100,
    "sort": 7
  },
  {
    "id": 7,
    "name": "精准",
    "icon": "samsara_01",
    "level": 42,
    "type": "110,",
    "value": 420,
    "coast": 4200,
    "sort": 7
  },
  {
    "id": 7,
    "name": "精准",
    "icon": "samsara_01",
    "level": 43,
    "type": "110,",
    "value": 430,
    "coast": 4300,
    "sort": 7
  },
  {
    "id": 7,
    "name": "精准",
    "icon": "samsara_01",
    "level": 44,
    "type": "110,",
    "value": 440,
    "coast": 4400,
    "sort": 7
  },
  {
    "id": 7,
    "name": "精准",
    "icon": "samsara_01",
    "level": 45,
    "type": "110,",
    "value": 450,
    "coast": 4500,
    "sort": 7
  },
  {
    "id": 7,
    "name": "精准",
    "icon": "samsara_01",
    "level": 46,
    "type": "110,",
    "value": 460,
    "coast": 4600,
    "sort": 7
  },
  {
    "id": 7,
    "name": "精准",
    "icon": "samsara_01",
    "level": 47,
    "type": "110,",
    "value": 470,
    "coast": 4700,
    "sort": 7
  },
  {
    "id": 7,
    "name": "精准",
    "icon": "samsara_01",
    "level": 48,
    "type": "110,",
    "value": 480,
    "coast": 4800,
    "sort": 7
  },
  {
    "id": 7,
    "name": "精准",
    "icon": "samsara_01",
    "level": 49,
    "type": "110,",
    "value": 490,
    "coast": 4900,
    "sort": 7
  },
  {
    "id": 7,
    "name": "精准",
    "icon": "samsara_01",
    "level": 50,
    "type": "110,",
    "value": 500,
    "coast": 5000,
    "sort": 7
  },
  {
    "id": 8,
    "name": "灵猴",
    "icon": "samsara_01",
    "level": 1,
    "type": "111,",
    "value": 10,
    "coast": 100,
    "sort": 8
  },
  {
    "id": 8,
    "name": "灵猴",
    "icon": "samsara_01",
    "level": 2,
    "type": "111,",
    "value": 20,
    "coast": 200,
    "sort": 8
  },
  {
    "id": 8,
    "name": "灵猴",
    "icon": "samsara_01",
    "level": 3,
    "type": "111,",
    "value": 30,
    "coast": 300,
    "sort": 8
  },
  {
    "id": 8,
    "name": "灵猴",
    "icon": "samsara_01",
    "level": 4,
    "type": "111,",
    "value": 40,
    "coast": 400,
    "sort": 8
  },
  {
    "id": 8,
    "name": "灵猴",
    "icon": "samsara_01",
    "level": 5,
    "type": "111,",
    "value": 50,
    "coast": 500,
    "sort": 8
  },
  {
    "id": 8,
    "name": "灵猴",
    "icon": "samsara_01",
    "level": 6,
    "type": "111,",
    "value": 60,
    "coast": 600,
    "sort": 8
  },
  {
    "id": 8,
    "name": "灵猴",
    "icon": "samsara_01",
    "level": 7,
    "type": "111,",
    "value": 70,
    "coast": 700,
    "sort": 8
  },
  {
    "id": 8,
    "name": "灵猴",
    "icon": "samsara_01",
    "level": 8,
    "type": "111,",
    "value": 80,
    "coast": 800,
    "sort": 8
  },
  {
    "id": 8,
    "name": "灵猴",
    "icon": "samsara_01",
    "level": 9,
    "type": "111,",
    "value": 90,
    "coast": 900,
    "sort": 8
  },
  {
    "id": 8,
    "name": "灵猴",
    "icon": "samsara_01",
    "level": 10,
    "type": "111,",
    "value": 100,
    "coast": 1000,
    "sort": 8
  },
  {
    "id": 8,
    "name": "灵猴",
    "icon": "samsara_01",
    "level": 11,
    "type": "111,",
    "value": 110,
    "coast": 1100,
    "sort": 8
  },
  {
    "id": 8,
    "name": "灵猴",
    "icon": "samsara_01",
    "level": 12,
    "type": "111,",
    "value": 120,
    "coast": 1200,
    "sort": 8
  },
  {
    "id": 8,
    "name": "灵猴",
    "icon": "samsara_01",
    "level": 13,
    "type": "111,",
    "value": 130,
    "coast": 1300,
    "sort": 8
  },
  {
    "id": 8,
    "name": "灵猴",
    "icon": "samsara_01",
    "level": 14,
    "type": "111,",
    "value": 140,
    "coast": 1400,
    "sort": 8
  },
  {
    "id": 8,
    "name": "灵猴",
    "icon": "samsara_01",
    "level": 15,
    "type": "111,",
    "value": 150,
    "coast": 1500,
    "sort": 8
  },
  {
    "id": 8,
    "name": "灵猴",
    "icon": "samsara_01",
    "level": 16,
    "type": "111,",
    "value": 160,
    "coast": 1600,
    "sort": 8
  },
  {
    "id": 8,
    "name": "灵猴",
    "icon": "samsara_01",
    "level": 17,
    "type": "111,",
    "value": 170,
    "coast": 1700,
    "sort": 8
  },
  {
    "id": 8,
    "name": "灵猴",
    "icon": "samsara_01",
    "level": 18,
    "type": "111,",
    "value": 180,
    "coast": 1800,
    "sort": 8
  },
  {
    "id": 8,
    "name": "灵猴",
    "icon": "samsara_01",
    "level": 19,
    "type": "111,",
    "value": 190,
    "coast": 1900,
    "sort": 8
  },
  {
    "id": 8,
    "name": "灵猴",
    "icon": "samsara_01",
    "level": 20,
    "type": "111,",
    "value": 200,
    "coast": 2000,
    "sort": 8
  },
  {
    "id": 8,
    "name": "灵猴",
    "icon": "samsara_01",
    "level": 21,
    "type": "111,",
    "value": 210,
    "coast": 2100,
    "sort": 8
  },
  {
    "id": 8,
    "name": "灵猴",
    "icon": "samsara_01",
    "level": 22,
    "type": "111,",
    "value": 220,
    "coast": 2200,
    "sort": 8
  },
  {
    "id": 8,
    "name": "灵猴",
    "icon": "samsara_01",
    "level": 23,
    "type": "111,",
    "value": 230,
    "coast": 2300,
    "sort": 8
  },
  {
    "id": 8,
    "name": "灵猴",
    "icon": "samsara_01",
    "level": 24,
    "type": "111,",
    "value": 240,
    "coast": 2400,
    "sort": 8
  },
  {
    "id": 8,
    "name": "灵猴",
    "icon": "samsara_01",
    "level": 25,
    "type": "111,",
    "value": 250,
    "coast": 2500,
    "sort": 8
  },
  {
    "id": 8,
    "name": "灵猴",
    "icon": "samsara_01",
    "level": 26,
    "type": "111,",
    "value": 260,
    "coast": 2600,
    "sort": 8
  },
  {
    "id": 8,
    "name": "灵猴",
    "icon": "samsara_01",
    "level": 27,
    "type": "111,",
    "value": 270,
    "coast": 2700,
    "sort": 8
  },
  {
    "id": 8,
    "name": "灵猴",
    "icon": "samsara_01",
    "level": 28,
    "type": "111,",
    "value": 280,
    "coast": 2800,
    "sort": 8
  },
  {
    "id": 8,
    "name": "灵猴",
    "icon": "samsara_01",
    "level": 29,
    "type": "111,",
    "value": 290,
    "coast": 2900,
    "sort": 8
  },
  {
    "id": 8,
    "name": "灵猴",
    "icon": "samsara_01",
    "level": 30,
    "type": "111,",
    "value": 300,
    "coast": 3000,
    "sort": 8
  },
  {
    "id": 8,
    "name": "灵猴",
    "icon": "samsara_01",
    "level": 31,
    "type": "111,",
    "value": 310,
    "coast": 3100,
    "sort": 8
  },
  {
    "id": 8,
    "name": "灵猴",
    "icon": "samsara_01",
    "level": 32,
    "type": "111,",
    "value": 320,
    "coast": 3200,
    "sort": 8
  },
  {
    "id": 8,
    "name": "灵猴",
    "icon": "samsara_01",
    "level": 33,
    "type": "111,",
    "value": 330,
    "coast": 3300,
    "sort": 8
  },
  {
    "id": 8,
    "name": "灵猴",
    "icon": "samsara_01",
    "level": 34,
    "type": "111,",
    "value": 340,
    "coast": 3400,
    "sort": 8
  },
  {
    "id": 8,
    "name": "灵猴",
    "icon": "samsara_01",
    "level": 35,
    "type": "111,",
    "value": 350,
    "coast": 3500,
    "sort": 8
  },
  {
    "id": 8,
    "name": "灵猴",
    "icon": "samsara_01",
    "level": 36,
    "type": "111,",
    "value": 360,
    "coast": 3600,
    "sort": 8
  },
  {
    "id": 8,
    "name": "灵猴",
    "icon": "samsara_01",
    "level": 37,
    "type": "111,",
    "value": 370,
    "coast": 3700,
    "sort": 8
  },
  {
    "id": 8,
    "name": "灵猴",
    "icon": "samsara_01",
    "level": 38,
    "type": "111,",
    "value": 380,
    "coast": 3800,
    "sort": 8
  },
  {
    "id": 8,
    "name": "灵猴",
    "icon": "samsara_01",
    "level": 39,
    "type": "111,",
    "value": 390,
    "coast": 3900,
    "sort": 8
  },
  {
    "id": 8,
    "name": "灵猴",
    "icon": "samsara_01",
    "level": 40,
    "type": "111,",
    "value": 400,
    "coast": 4000,
    "sort": 8
  },
  {
    "id": 8,
    "name": "灵猴",
    "icon": "samsara_01",
    "level": 41,
    "type": "111,",
    "value": 410,
    "coast": 4100,
    "sort": 8
  },
  {
    "id": 8,
    "name": "灵猴",
    "icon": "samsara_01",
    "level": 42,
    "type": "111,",
    "value": 420,
    "coast": 4200,
    "sort": 8
  },
  {
    "id": 8,
    "name": "灵猴",
    "icon": "samsara_01",
    "level": 43,
    "type": "111,",
    "value": 430,
    "coast": 4300,
    "sort": 8
  },
  {
    "id": 8,
    "name": "灵猴",
    "icon": "samsara_01",
    "level": 44,
    "type": "111,",
    "value": 440,
    "coast": 4400,
    "sort": 8
  },
  {
    "id": 8,
    "name": "灵猴",
    "icon": "samsara_01",
    "level": 45,
    "type": "111,",
    "value": 450,
    "coast": 4500,
    "sort": 8
  },
  {
    "id": 8,
    "name": "灵猴",
    "icon": "samsara_01",
    "level": 46,
    "type": "111,",
    "value": 460,
    "coast": 4600,
    "sort": 8
  },
  {
    "id": 8,
    "name": "灵猴",
    "icon": "samsara_01",
    "level": 47,
    "type": "111,",
    "value": 470,
    "coast": 4700,
    "sort": 8
  },
  {
    "id": 8,
    "name": "灵猴",
    "icon": "samsara_01",
    "level": 48,
    "type": "111,",
    "value": 480,
    "coast": 4800,
    "sort": 8
  },
  {
    "id": 8,
    "name": "灵猴",
    "icon": "samsara_01",
    "level": 49,
    "type": "111,",
    "value": 490,
    "coast": 4900,
    "sort": 8
  },
  {
    "id": 8,
    "name": "灵猴",
    "icon": "samsara_01",
    "level": 50,
    "type": "111,",
    "value": 500,
    "coast": 5000,
    "sort": 8
  }
]