[
  {
    "id": 100001,
    "effects": 1,
    "target_type": 2,
    "effects_parameter": "2,100,100",
    "calculator": "\"1,100\"*a1+a2+a3",
    "special_parameter_value": "",
    "next_skill": "",
    "skill_describe": "火柱伤害技能，造成\"n\"点伤害",
    "skill_resource": 35001,
    "shape_type": 1,
    "shape_resource_id": "shape_1",
    "leng": 4,
    "wight": 2,
    "point_type": 0
  },
  {
    "id": 100002,
    "effects": 2,
    "target_type": 1,
    "effects_parameter": "0.2,",
    "calculator": "\"1,102\"*a1",
    "special_parameter_value": "",
    "next_skill": "",
    "skill_describe": "治疗技能，造成\"n\"点恢复",
    "skill_resource": 35002,
    "shape_type": 4,
    "shape_resource_id": "shape_2",
    "leng": 1,
    "wight": 0.4,
    "point_type": 0
  },
  {
    "id": 100003,
    "effects": 3,
    "target_type": 2,
    "effects_parameter": "0.6,",
    "calculator": "\"1,100\"*a1",
    "special_parameter_value": "4,6",
    "next_skill": "",
    "skill_describe": "对范围内目标造成4次伤害，每次造成\"n\"点伤害如果目标处于晕眩状态，额外造成2次伤害",
    "skill_resource": 35003,
    "shape_type": 1,
    "shape_resource_id": "shape_1",
    "leng": 4.15,
    "wight": 3.5,
    "point_type": 0
  },
  {
    "id": 100004,
    "effects": 6,
    "target_type": 2,
    "effects_parameter": "0.5,",
    "calculator": "\"1,100\"*a1",
    "special_parameter_value": "5,",
    "next_skill": "",
    "skill_describe": "对范围内目标造成5次伤害，每次造成\"n\"点伤害",
    "skill_resource": 35004,
    "shape_type": 1,
    "shape_resource_id": "shape_1",
    "leng": 2.5,
    "wight": 3,
    "point_type": 0
  },
  {
    "id": 100005,
    "effects": 6,
    "target_type": 2,
    "effects_parameter": "10,",
    "calculator": "a1",
    "special_parameter_value": "5,",
    "next_skill": "",
    "skill_describe": "对范围内目标造成5次，每次10点真实伤害",
    "skill_resource": 35005,
    "shape_type": 1,
    "shape_resource_id": "shape_1",
    "leng": 2,
    "wight": 0.8,
    "point_type": 0
  },
  {
    "id": 100006,
    "effects": 30001,
    "target_type": 2,
    "effects_parameter": "0.3,",
    "calculator": "\"1,100\"*a1",
    "special_parameter_value": "1,",
    "next_skill": "200001,",
    "skill_describe": "对范围目标造成\"n\"的伤害，并附加1层易伤效果",
    "skill_resource": 35006,
    "shape_type": 1,
    "shape_resource_id": "shape_1",
    "leng": 1.6,
    "wight": 0.45,
    "point_type": 0
  },
  {
    "id": 100007,
    "effects": 1,
    "target_type": 2,
    "effects_parameter": "0.3,0.1",
    "calculator": "(\"2,102\"-\"2,1\")*a1+\"5,200001,10001\"*\"1,100\"*a2",
    "special_parameter_value": "",
    "next_skill": "",
    "skill_describe": "对目标造成（已损失血量*30%的伤害），并引爆所有易伤效果，每层易伤效果造成攻击力*10%点的真实伤害",
    "skill_resource": 35007,
    "shape_type": 1,
    "shape_resource_id": "shape_1",
    "leng": 4.5,
    "wight": 2,
    "point_type": 0
  },
  {
    "id": 100008,
    "effects": 10001,
    "target_type": 1,
    "effects_parameter": "0.2,",
    "calculator": "\"1,102\"*a1",
    "special_parameter_value": "",
    "next_skill": "",
    "skill_describe": "治疗技能，造成\"n\"点恢复",
    "skill_resource": 35002,
    "shape_type": 6,
    "shape_resource_id": "",
    "leng": 0.0,
    "wight": 0.0,
    "point_type": 0
  },
  {
    "id": 100009,
    "effects": 5,
    "target_type": 0,
    "effects_parameter": 0,
    "calculator": "",
    "special_parameter_value": "2,",
    "next_skill": "",
    "skill_describe": "抽两张牌",
    "skill_resource": 0.0,
    "shape_type": 0,
    "shape_resource_id": "",
    "leng": 0.0,
    "wight": 0.0,
    "point_type": 0.0
  },
  {
    "id": 100010,
    "effects": 30002,
    "target_type": 2,
    "effects_parameter": 0,
    "calculator": "",
    "special_parameter_value": "3,4",
    "next_skill": "200001,",
    "skill_describe": "对范围目标施加3层易伤效果，如果目标生命值不为满状态，额外施加一层易伤效果",
    "skill_resource": 35008,
    "shape_type": 1,
    "shape_resource_id": "shape_1",
    "leng": 2,
    "wight": 0.25,
    "point_type": 0
  },
  {
    "id": 100011,
    "effects": 8,
    "target_type": 2,
    "effects_parameter": "1.5,",
    "calculator": "\"1,100\"*a1",
    "special_parameter_value": "1,",
    "next_skill": "",
    "skill_describe": "对目标造成(150%攻击力的伤害），如果这个技能杀死目标，回复自身等同于伤害值的生命",
    "skill_resource": 35009,
    "shape_type": 1,
    "shape_resource_id": "shape_1",
    "leng": 3.3,
    "wight": 2,
    "point_type": 0
  },
  {
    "id": 100012,
    "effects": 30003,
    "target_type": 2,
    "effects_parameter": 0,
    "calculator": "",
    "special_parameter_value": "2,",
    "next_skill": "200001,",
    "skill_describe": "目标范围内的所有敌方的易伤层数翻倍",
    "skill_resource": 35010,
    "shape_type": 1,
    "shape_resource_id": "shape_1",
    "leng": 0.52,
    "wight": 0.117,
    "point_type": 0
  },
  {
    "id": 100013,
    "effects": 10,
    "target_type": 2,
    "effects_parameter": 0,
    "calculator": "",
    "special_parameter_value": "2,3,3",
    "next_skill": "200002,200001",
    "skill_describe": "晕眩目标范围内的敌人2到3秒，并附加3层易伤效果",
    "skill_resource": 35011,
    "shape_type": 1,
    "shape_resource_id": "shape_1",
    "leng": 1.77,
    "wight": 0.5,
    "point_type": 0
  },
  {
    "id": 200001,
    "effects": 20001,
    "target_type": 0,
    "effects_parameter": "1,",
    "calculator": "\"3,10001\"*a1",
    "special_parameter_value": "",
    "next_skill": "",
    "skill_describe": "每次受到伤害，额外受到易伤层数点的真实伤害",
    "skill_resource": 0.0,
    "shape_type": 5,
    "shape_resource_id": "",
    "leng": 0.0,
    "wight": 0.0,
    "point_type": 0.0
  },
  {
    "id": 200002,
    "effects": 10002,
    "target_type": 0,
    "effects_parameter": 0,
    "calculator": "",
    "special_parameter_value": "time",
    "next_skill": "",
    "skill_describe": "眩晕：无法移动、无法攻击和无法施法",
    "skill_resource": 35013,
    "shape_type": 5,
    "shape_resource_id": "",
    "leng": 0.0,
    "wight": 0.0,
    "point_type": 1
  },
  {
    "id": 200003,
    "effects": 10003,
    "target_type": 1,
    "effects_parameter": 0.1,
    "calculator": "\"1,100\"*a1",
    "special_parameter_value": 3,
    "next_skill": "",
    "skill_describe": "接下来的每一次伤害都会治疗自己，治疗效果为自身攻击力*10%，这个效果持续3秒",
    "skill_resource": 0.0,
    "shape_type": 6,
    "shape_resource_id": "",
    "leng": 0.0,
    "wight": 0.0,
    "point_type": 0.0
  },
  {
    "id": 300001,
    "effects": 4,
    "target_type": 1,
    "effects_parameter": "0.2,",
    "calculator": "\"1,102\"*a1",
    "special_parameter_value": "5,20",
    "next_skill": "",
    "skill_describe": "消耗20%最大生命值，获取5个水晶",
    "skill_resource": 0.0,
    "shape_type": 0,
    "shape_resource_id": "",
    "leng": 0.0,
    "wight": 0.0,
    "point_type": 0.0
  },
  {
    "id": 0.0,
    "effects": 0.0,
    "target_type": 0.0,
    "effects_parameter": "",
    "calculator": "",
    "special_parameter_value": "",
    "next_skill": "",
    "skill_describe": "",
    "skill_resource": 0.0,
    "shape_type": 0.0,
    "shape_resource_id": "",
    "leng": 0.0,
    "wight": 0.0,
    "point_type": 0.0
  },
  {
    "id": 0.0,
    "effects": 0.0,
    "target_type": 0.0,
    "effects_parameter": "",
    "calculator": "",
    "special_parameter_value": "",
    "next_skill": "",
    "skill_describe": "",
    "skill_resource": 0.0,
    "shape_type": 0.0,
    "shape_resource_id": "",
    "leng": 0.0,
    "wight": 0.0,
    "point_type": 0.0
  },
  {
    "id": 0.0,
    "effects": 0.0,
    "target_type": 0.0,
    "effects_parameter": "",
    "calculator": "",
    "special_parameter_value": "",
    "next_skill": "",
    "skill_describe": "",
    "skill_resource": 0.0,
    "shape_type": 0.0,
    "shape_resource_id": "",
    "leng": 0.0,
    "wight": 0.0,
    "point_type": 0.0
  },
  {
    "id": 0.0,
    "effects": 0.0,
    "target_type": 0.0,
    "effects_parameter": "",
    "calculator": "",
    "special_parameter_value": "",
    "next_skill": "",
    "skill_describe": "",
    "skill_resource": 0.0,
    "shape_type": 0.0,
    "shape_resource_id": "",
    "leng": 0.0,
    "wight": 0.0,
    "point_type": 0.0
  },
  {
    "id": 0.0,
    "effects": 0.0,
    "target_type": 0.0,
    "effects_parameter": "",
    "calculator": "",
    "special_parameter_value": "",
    "next_skill": "",
    "skill_describe": "",
    "skill_resource": 0.0,
    "shape_type": 0.0,
    "shape_resource_id": "",
    "leng": 0.0,
    "wight": 0.0,
    "point_type": 0.0
  },
  {
    "id": 0.0,
    "effects": 0.0,
    "target_type": 0.0,
    "effects_parameter": "",
    "calculator": "",
    "special_parameter_value": 7,
    "next_skill": "",
    "skill_describe": "",
    "skill_resource": 0.0,
    "shape_type": 0.0,
    "shape_resource_id": "",
    "leng": 0.0,
    "wight": 0.0,
    "point_type": 0.0
  }
]